{
   "type": "FeatureCollection",
   "features": [
  {
    "type": "Feature",
    "geometry": {
       "type": "Point",
       "coordinates":  [ 121.530843,25.0160821 ]
    },
    "properties": {
    "id":1,
    "name":"臺北市立螢橋國民中學",
    "city":"臺北市",
    "district":"中正區",
    "village":"林興里",
    "address":"汀州路三段四號",
    "type":"學校",
    "suit_for_flood":"1",
    "suit_for_mudflow":"0",
    "suit_for_earthquake":"1",
    "suit_for_tsunami":"0",
    "indoor":"1",
    "outdoor":"0",
    "person":52,
    "full_address":"臺北市中正區汀州路三段四號"
    }
  },
  {
    "type": "Feature",
    "geometry": {
       "type": "Point",
       "coordinates":  [ 121.5155331,25.0361928 ]
    },
    "properties": {
    "id":2,
    "name":"臺北市立大學附設實驗國民小學",
    "city":"臺北市",
    "district":"中正區",
    "village":"黎明里",
    "address":"公園路29號",
    "type":"學校",
    "suit_for_flood":"1",
    "suit_for_mudflow":"0",
    "suit_for_earthquake":"1",
    "suit_for_tsunami":"0",
    "indoor":"1",
    "outdoor":"0",
    "person":157,
    "full_address":"臺北市中正區公園路29號"
    }
  },
  {
    "type": "Feature",
    "geometry": {
       "type": "Point",
       "coordinates":  [ 121.5152866,25.0375713 ]
    },
    "properties": {
    "id":3,
    "name":"臺北市立弘道國民中學",
    "city":"臺北市",
    "district":"中正區",
    "village":"建國里",
    "address":"公園路21號",
    "type":"學校",
    "suit_for_flood":"1",
    "suit_for_mudflow":"0",
    "suit_for_earthquake":"1",
    "suit_for_tsunami":"0",
    "indoor":"1",
    "outdoor":"0",
    "person":130,
    "full_address":"臺北市中正區公園路21號"
    }
  },
  {
    "type": "Feature",
    "geometry": {
       "type": "Point",
       "coordinates":  [ 121.5154888,25.0402838 ]
    },
    "properties": {
    "id":4,
    "name":"二二八和平公園",
    "city":"臺北市",
    "district":"中正區",
    "village":"黎明里",
    "address":"凱達格蘭大道3號",
    "type":"公園/綠地",
    "suit_for_flood":"1",
    "suit_for_mudflow":"0",
    "suit_for_earthquake":"1",
    "suit_for_tsunami":"0",
    "indoor":"0",
    "outdoor":"1",
    "person":5424,
    "full_address":"臺北市中正區凱達格蘭大道3號"
    }
  },
  {
    "type": "Feature",
    "geometry": {
       "type": "Point",
       "coordinates":  [ 121.5193367,25.0385177 ]
    },
    "properties": {
    "id":5,
    "name":"臺北市中正運動中心",
    "city":"臺北市",
    "district":"中正區",
    "village":"東門里",
    "address":"信義路一段1號",
    "type":"體育場館/運動中心",
    "suit_for_flood":"1",
    "suit_for_mudflow":"0",
    "suit_for_earthquake":"1",
    "suit_for_tsunami":"0",
    "indoor":"1",
    "outdoor":"0",
    "person":250,
    "full_address":"臺北市中正區信義路一段1號"
    }
  },
  {
    "type": "Feature",
    "geometry": {
       "type": "Point",
       "coordinates":  [ 121.5220631,25.032315 ]
    },
    "properties": {
    "id":6,
    "name":"臺北市立中正國民中學",
    "city":"臺北市",
    "district":"中正區",
    "village":"新營里",
    "address":"愛國東路158號",
    "type":"學校",
    "suit_for_flood":"1",
    "suit_for_mudflow":"0",
    "suit_for_earthquake":"1",
    "suit_for_tsunami":"0",
    "indoor":"1",
    "outdoor":"0",
    "person":300,
    "full_address":"臺北市中正區愛國東路158號"
    }
  },
  {
    "type": "Feature",
    "geometry": {
       "type": "Point",
       "coordinates":  [ 121.514402,25.0382374 ]
    },
    "properties": {
    "id":7,
    "name":"臺北市立第一女子高級中學",
    "city":"臺北市",
    "district":"中正區",
    "village":"建國里",
    "address":"重慶南路一段165號",
    "type":"學校",
    "suit_for_flood":"1",
    "suit_for_mudflow":"0",
    "suit_for_earthquake":"1",
    "suit_for_tsunami":"0",
    "indoor":"1",
    "outdoor":"0",
    "person":60,
    "full_address":"臺北市中正區重慶南路一段165號"
    }
  },
  {
    "type": "Feature",
    "geometry": {
       "type": "Point",
       "coordinates":  [ 121.5104141,25.024302 ]
    },
    "properties": {
    "id":8,
    "name":"臺北市立古亭國民中學",
    "city":"臺北市",
    "district":"中正區",
    "village":"永功里",
    "address":"中華路二段465號",
    "type":"學校",
    "suit_for_flood":"1",
    "suit_for_mudflow":"0",
    "suit_for_earthquake":"1",
    "suit_for_tsunami":"0",
    "indoor":"1",
    "outdoor":"0",
    "person":60,
    "full_address":"臺北市中正區中華路二段465號"
    }
  },
  {
    "type": "Feature",
    "geometry": {
       "type": "Point",
       "coordinates":  [ 121.5231246,25.043143 ]
    },
    "properties": {
    "id":9,
    "name":"臺北市立成功高級中學",
    "city":"臺北市",
    "district":"中正區",
    "village":"幸福里",
    "address":"濟南路一段71號",
    "type":"學校",
    "suit_for_flood":"1",
    "suit_for_mudflow":"0",
    "suit_for_earthquake":"1",
    "suit_for_tsunami":"0",
    "indoor":"1",
    "outdoor":"0",
    "person":31,
    "full_address":"臺北市中正區濟南路一段71號"
    }
  },
  {
    "type": "Feature",
    "geometry": {
       "type": "Point",
       "coordinates":  [ 121.5318709,25.0429237 ]
    },
    "properties": {
    "id":10,
    "name":"臺北市中正區忠孝國民小學",
    "city":"臺北市",
    "district":"中正區",
    "village":"梅花里",
    "address":"忠孝東路二段101號",
    "type":"學校",
    "suit_for_flood":"0",
    "suit_for_mudflow":"0",
    "suit_for_earthquake":"1",
    "suit_for_tsunami":"0",
    "indoor":"1",
    "outdoor":"0",
    "person":30,
    "full_address":"臺北市中正區忠孝東路二段101號"
    }
  },
  {
    "type": "Feature",
    "geometry": {
       "type": "Point",
       "coordinates":  [ 121.5217978,25.038556 ]
    },
    "properties": {
    "id":11,
    "name":"臺北市中正區東門國民小學",
    "city":"臺北市",
    "district":"中正區",
    "village":"東門里",
    "address":"仁愛路一段2-4號",
    "type":"學校",
    "suit_for_flood":"1",
    "suit_for_mudflow":"0",
    "suit_for_earthquake":"1",
    "suit_for_tsunami":"0",
    "indoor":"1",
    "outdoor":"0",
    "person":100,
    "full_address":"臺北市中正區仁愛路一段2-4號"
    }
  },
  {
    "type": "Feature",
    "geometry": {
       "type": "Point",
       "coordinates":  [ 121.5223468,25.0230963 ]
    },
    "properties": {
    "id":12,
    "name":"臺北市中正區河堤國民小學",
    "city":"臺北市",
    "district":"中正區",
    "village":"河堤里",
    "address":"汀州路二段180號",
    "type":"學校",
    "suit_for_flood":"1",
    "suit_for_mudflow":"0",
    "suit_for_earthquake":"1",
    "suit_for_tsunami":"0",
    "indoor":"1",
    "outdoor":"0",
    "person":72,
    "full_address":"臺北市中正區汀州路二段180號"
    }
  },
  {
    "type": "Feature",
    "geometry": {
       "type": "Point",
       "coordinates":  [ 121.5091203,25.0351764 ]
    },
    "properties": {
    "id":13,
    "name":"臺北市中正區南門國民小學",
    "city":"臺北市",
    "district":"中正區",
    "village":"南門里",
    "address":"廣州街6號",
    "type":"學校",
    "suit_for_flood":"1",
    "suit_for_mudflow":"0",
    "suit_for_earthquake":"1",
    "suit_for_tsunami":"0",
    "indoor":"1",
    "outdoor":"0",
    "person":30,
    "full_address":"臺北市中正區廣州街6號"
    }
  },
  {
    "type": "Feature",
    "geometry": {
       "type": "Point",
       "coordinates":  [ 121.5091203,25.0351764 ]
    },
    "properties": {
    "id":14,
    "name":"臺北市立南門國民中學",
    "city":"臺北市",
    "district":"中正區",
    "village":"南門里",
    "address":"廣州街6號",
    "type":"學校",
    "suit_for_flood":"1",
    "suit_for_mudflow":"0",
    "suit_for_earthquake":"1",
    "suit_for_tsunami":"0",
    "indoor":"1",
    "outdoor":"0",
    "person":151,
    "full_address":"臺北市中正區廣州街6號"
    }
  },
  {
    "type": "Feature",
    "geometry": {
       "type": "Point",
       "coordinates":  [ 121.5110451,25.0303176 ]
    },
    "properties": {
    "id":15,
    "name":"臺北市立建國高級中學",
    "city":"臺北市",
    "district":"中正區",
    "village":"龍光里",
    "address":"南海路56號",
    "type":"學校",
    "suit_for_flood":"0",
    "suit_for_mudflow":"0",
    "suit_for_earthquake":"1",
    "suit_for_tsunami":"0",
    "indoor":"1",
    "outdoor":"0",
    "person":300,
    "full_address":"臺北市中正區南海路56號"
    }
  },
  {
    "type": "Feature",
    "geometry": {
       "type": "Point",
       "coordinates":  [ 121.513341,25.0309445 ]
    },
    "properties": {
    "id":16,
    "name":"臺北市國語實驗國民小學",
    "city":"臺北市",
    "district":"中正區",
    "village":"龍光里",
    "address":"南海路58號",
    "type":"學校",
    "suit_for_flood":"0",
    "suit_for_mudflow":"0",
    "suit_for_earthquake":"1",
    "suit_for_tsunami":"0",
    "indoor":"1",
    "outdoor":"0",
    "person":49,
    "full_address":"臺北市中正區南海路58號"
    }
  },
  {
    "type": "Feature",
    "geometry": {
       "type": "Point",
       "coordinates":  [ 121.5146969,25.0256168 ]
    },
    "properties": {
    "id":17,
    "name":"臺北市中正區螢橋國民小學",
    "city":"臺北市",
    "district":"中正區",
    "village":"螢雪里",
    "address":"詔安街29號",
    "type":"學校",
    "suit_for_flood":"1",
    "suit_for_mudflow":"0",
    "suit_for_earthquake":"1",
    "suit_for_tsunami":"0",
    "indoor":"1",
    "outdoor":"0",
    "person":303,
    "full_address":"臺北市中正區詔安街29號"
    }
  },
  {
    "type": "Feature",
    "geometry": {
       "type": "Point",
       "coordinates":  [ 121.5319044,25.016629 ]
    },
    "properties": {
    "id":18,
    "name":"中正紀念堂站",
    "city":"臺北市",
    "district":"中正區",
    "village":"龍福里",
    "address":"臺北市中正區羅斯福路1段8之1號B1",
    "type":"捷運站體",
    "suit_for_flood":"1",
    "suit_for_mudflow":"0",
    "suit_for_earthquake":"0",
    "suit_for_tsunami":"0",
    "indoor":"1",
    "outdoor":"0",
    "person":1974,
    "full_address":"臺北市中正區臺北市中正區羅斯福路1段8之1號B1"
    }
  },
  {
    "type": "Feature",
    "geometry": {
       "type": "Point",
       "coordinates":  [ 121.522682,25.0266827 ]
    },
    "properties": {
    "id":19,
    "name":"古亭站",
    "city":"臺北市",
    "district":"中正區",
    "village":"頂東里",
    "address":"臺北市中正區羅斯福路2段164之1號B1",
    "type":"捷運站體",
    "suit_for_flood":"1",
    "suit_for_mudflow":"0",
    "suit_for_earthquake":"0",
    "suit_for_tsunami":"0",
    "indoor":"1",
    "outdoor":"0",
    "person":1828,
    "full_address":"臺北市中正區臺北市中正區羅斯福路2段164之1號B1"
    }
  },
  {
    "type": "Feature",
    "geometry": {
       "type": "Point",
       "coordinates":  [ 121.515715,25.041003 ]
    },
    "properties": {
    "id":20,
    "name":"台大醫院站",
    "city":"臺北市",
    "district":"中正區",
    "village":"黎明里",
    "address":"臺北市中正區公園路52號B1",
    "type":"捷運站體",
    "suit_for_flood":"1",
    "suit_for_mudflow":"0",
    "suit_for_earthquake":"0",
    "suit_for_tsunami":"0",
    "indoor":"1",
    "outdoor":"0",
    "person":1044,
    "full_address":"臺北市中正區臺北市中正區公園路52號B1"
    }
  },
  {
    "type": "Feature",
    "geometry": {
       "type": "Point",
       "coordinates":  [ 121.5322091,25.045082 ]
    },
    "properties": {
    "id":21,
    "name":"臺北市市場處光華數位新天地商場地下停車場",
    "city":"臺北市",
    "district":"中正區",
    "village":"梅花里",
    "address":"臺北市中正區市民大道三段8號",
    "type":"市場/停車場",
    "suit_for_flood":"0",
    "suit_for_mudflow":"0",
    "suit_for_earthquake":"0",
    "suit_for_tsunami":"0",
    "indoor":"1",
    "outdoor":"0",
    "person":375,
    "full_address":"臺北市中正區臺北市中正區市民大道三段8號"
    }
  },
  {
    "type": "Feature",
    "geometry": {
       "type": "Point",
       "coordinates":  [ 121.5083705,25.0414733 ]
    },
    "properties": {
    "id":22,
    "name":"西門站",
    "city":"臺北市",
    "district":"中正區",
    "village":"建國里",
    "address":"臺北市中正區寶慶路32之1號B1",
    "type":"捷運站體",
    "suit_for_flood":"1",
    "suit_for_mudflow":"0",
    "suit_for_earthquake":"0",
    "suit_for_tsunami":"0",
    "indoor":"1",
    "outdoor":"0",
    "person":2974,
    "full_address":"臺北市中正區臺北市中正區寶慶路32之1號B1"
    }
  },
  {
    "type": "Feature",
    "geometry": {
       "type": "Point",
       "coordinates":  [ 121.5059973,25.0296924 ]
    },
    "properties": {
    "id":23,
    "name":"臺北市忠義實驗國民小學",
    "city":"臺北市",
    "district":"中正區",
    "village":"忠勤里",
    "address":"臺北市中正區中華路二段307巷17號",
    "type":"學校",
    "suit_for_flood":"0",
    "suit_for_mudflow":"0",
    "suit_for_earthquake":"1",
    "suit_for_tsunami":"0",
    "indoor":"1",
    "outdoor":"0",
    "person":50,
    "full_address":"臺北市中正區臺北市中正區中華路二段307巷17號"
    }
  },
  {
    "type": "Feature",
    "geometry": {
       "type": "Point",
       "coordinates":  [ 121.5238174,25.0226926 ]
    },
    "properties": {
    "id":24,
    "name":"臺北市立圖書館王貫英紀念館",
    "city":"臺北市",
    "district":"中正區",
    "village":"頂東里",
    "address":"臺北市中正區汀州路二段265號",
    "type":"圖書館",
    "suit_for_flood":"0",
    "suit_for_mudflow":"0",
    "suit_for_earthquake":"0",
    "suit_for_tsunami":"0",
    "indoor":"1",
    "outdoor":"0",
    "person":256,
    "full_address":"臺北市中正區臺北市中正區汀州路二段265號"
    }
  },
  {
    "type": "Feature",
    "geometry": {
       "type": "Point",
       "coordinates":  [ 121.530953,25.0402103 ]
    },
    "properties": {
    "id":25,
    "name":"臺北市立圖書館城中分館",
    "city":"臺北市",
    "district":"中正區",
    "village":"幸市里",
    "address":"臺北市中正區濟南路二段46號3樓",
    "type":"圖書館",
    "suit_for_flood":"1",
    "suit_for_mudflow":"0",
    "suit_for_earthquake":"0",
    "suit_for_tsunami":"0",
    "indoor":"1",
    "outdoor":"0",
    "person":30,
    "full_address":"臺北市中正區臺北市中正區濟南路二段46號3樓"
    }
  },
  {
    "type": "Feature",
    "geometry": {
       "type": "Point",
       "coordinates":  [ 121.5122555,25.066562 ]
    },
    "properties": {
    "id":26,
    "name":"臺北市大同區延平國小",
    "city":"臺北市",
    "district":"大同區",
    "village":"國慶里",
    "address":"昌吉街97號",
    "type":"學校",
    "suit_for_flood":"1",
    "suit_for_mudflow":"0",
    "suit_for_earthquake":"1",
    "suit_for_tsunami":"0",
    "indoor":"1",
    "outdoor":"0",
    "person":88,
    "full_address":"臺北市大同區昌吉街97號"
    }
  },
  {
    "type": "Feature",
    "geometry": {
       "type": "Point",
       "coordinates":  [ 121.5178978,25.0761655 ]
    },
    "properties": {
    "id":27,
    "name":"臺北市立重慶國民中學",
    "city":"臺北市",
    "district":"大同區",
    "village":"重慶里",
    "address":"敦煌路19號",
    "type":"學校",
    "suit_for_flood":"1",
    "suit_for_mudflow":"0",
    "suit_for_earthquake":"1",
    "suit_for_tsunami":"0",
    "indoor":"1",
    "outdoor":"0",
    "person":50,
    "full_address":"臺北市大同區敦煌路19號"
    }
  },
  {
    "type": "Feature",
    "geometry": {
       "type": "Point",
       "coordinates":  [ 121.5072911,25.050985 ]
    },
    "properties": {
    "id":28,
    "name":"臺北市立忠孝國民中學",
    "city":"臺北市",
    "district":"大同區",
    "village":"玉泉里",
    "address":"西寧北路32號",
    "type":"學校",
    "suit_for_flood":"0",
    "suit_for_mudflow":"0",
    "suit_for_earthquake":"1",
    "suit_for_tsunami":"0",
    "indoor":"1",
    "outdoor":"0",
    "person":131,
    "full_address":"臺北市大同區西寧北路32號"
    }
  },
  {
    "type": "Feature",
    "geometry": {
       "type": "Point",
       "coordinates":  [ 121.5196973,25.0503671 ]
    },
    "properties": {
    "id":29,
    "name":"臺北市立建成國民中學",
    "city":"臺北市",
    "district":"大同區",
    "village":"建泰里",
    "address":"長安西路37之1號",
    "type":"學校",
    "suit_for_flood":"1",
    "suit_for_mudflow":"0",
    "suit_for_earthquake":"1",
    "suit_for_tsunami":"0",
    "indoor":"1",
    "outdoor":"0",
    "person":119,
    "full_address":"臺北市大同區長安西路37之1號"
    }
  },
  {
    "type": "Feature",
    "geometry": {
       "type": "Point",
       "coordinates":  [ 121.5072718,25.0501036 ]
    },
    "properties": {
    "id":30,
    "name":"玉泉公園",
    "city":"臺北市",
    "district":"大同區",
    "village":"玉泉里",
    "address":"西寜北路28號",
    "type":"公園/綠地",
    "suit_for_flood":"0",
    "suit_for_mudflow":"0",
    "suit_for_earthquake":"1",
    "suit_for_tsunami":"0",
    "indoor":"0",
    "outdoor":"1",
    "person":1993,
    "full_address":"臺北市大同區西寜北路28號"
    }
  },
  {
    "type": "Feature",
    "geometry": {
       "type": "Point",
       "coordinates":  [ 121.5161576,25.0648806 ]
    },
    "properties": {
    "id":31,
    "name":"臺北市大同運動中心",
    "city":"臺北市",
    "district":"大同區",
    "village":"蓬萊里",
    "address":"大龍街51號",
    "type":"體育場館/運動中心",
    "suit_for_flood":"1",
    "suit_for_mudflow":"0",
    "suit_for_earthquake":"1",
    "suit_for_tsunami":"0",
    "indoor":"1",
    "outdoor":"0",
    "person":300,
    "full_address":"臺北市大同區大龍街51號"
    }
  },
  {
    "type": "Feature",
    "geometry": {
       "type": "Point",
       "coordinates":  [ 121.5161576,25.0648806 ]
    },
    "properties": {
    "id":32,
    "name":"臺北市大同區大同國民小學",
    "city":"臺北市",
    "district":"大同區",
    "village":"蓬萊里",
    "address":"大龍街51號",
    "type":"學校",
    "suit_for_flood":"1",
    "suit_for_mudflow":"0",
    "suit_for_earthquake":"1",
    "suit_for_tsunami":"0",
    "indoor":"1",
    "outdoor":"0",
    "person":40,
    "full_address":"臺北市大同區大龍街51號"
    }
  },
  {
    "type": "Feature",
    "geometry": {
       "type": "Point",
       "coordinates":  [ 121.5127785,25.0634649 ]
    },
    "properties": {
    "id":33,
    "name":"臺北市大同區大橋國民小學",
    "city":"臺北市",
    "district":"大同區",
    "village":"隆和里",
    "address":"重慶北路三段2號",
    "type":"學校",
    "suit_for_flood":"0",
    "suit_for_mudflow":"0",
    "suit_for_earthquake":"1",
    "suit_for_tsunami":"0",
    "indoor":"1",
    "outdoor":"0",
    "person":196,
    "full_address":"臺北市大同區重慶北路三段2號"
    }
  },
  {
    "type": "Feature",
    "geometry": {
       "type": "Point",
       "coordinates":  [ 121.5164813,25.0739409 ]
    },
    "properties": {
    "id":34,
    "name":"臺北市大同區大龍國民小學",
    "city":"臺北市",
    "district":"大同區",
    "village":"保安里",
    "address":"哈密街47號",
    "type":"學校",
    "suit_for_flood":"1",
    "suit_for_mudflow":"0",
    "suit_for_earthquake":"1",
    "suit_for_tsunami":"0",
    "indoor":"1",
    "outdoor":"0",
    "person":208,
    "full_address":"臺北市大同區哈密街47號"
    }
  },
  {
    "type": "Feature",
    "geometry": {
       "type": "Point",
       "coordinates":  [ 121.5119282,25.0617939 ]
    },
    "properties": {
    "id":35,
    "name":"臺北市大同區太平國民小學",
    "city":"臺北市",
    "district":"大同區",
    "village":"南芳里",
    "address":"延平北路二段239號",
    "type":"學校",
    "suit_for_flood":"0",
    "suit_for_mudflow":"0",
    "suit_for_earthquake":"1",
    "suit_for_tsunami":"0",
    "indoor":"1",
    "outdoor":"0",
    "person":123,
    "full_address":"臺北市大同區延平北路二段239號"
    }
  },
  {
    "type": "Feature",
    "geometry": {
       "type": "Point",
       "coordinates":  [ 121.5164819,25.0544026 ]
    },
    "properties": {
    "id":36,
    "name":"臺北市大同區日新國民小學",
    "city":"臺北市",
    "district":"大同區",
    "village":"星明里",
    "address":"太原路151號",
    "type":"學校",
    "suit_for_flood":"1",
    "suit_for_mudflow":"0",
    "suit_for_earthquake":"1",
    "suit_for_tsunami":"0",
    "indoor":"1",
    "outdoor":"0",
    "person":137,
    "full_address":"臺北市大同區太原路151號"
    }
  },
  {
    "type": "Feature",
    "geometry": {
       "type": "Point",
       "coordinates":  [ 121.5139046,25.0641226 ]
    },
    "properties": {
    "id":37,
    "name":"臺北市立民權國民中學",
    "city":"臺北市",
    "district":"大同區",
    "village":"隆和里",
    "address":"重慶北路三段1號",
    "type":"學校",
    "suit_for_flood":"0",
    "suit_for_mudflow":"0",
    "suit_for_earthquake":"1",
    "suit_for_tsunami":"0",
    "indoor":"1",
    "outdoor":"0",
    "person":30,
    "full_address":"臺北市大同區重慶北路三段1號"
    }
  },
  {
    "type": "Feature",
    "geometry": {
       "type": "Point",
       "coordinates":  [ 121.5105565,25.0610915 ]
    },
    "properties": {
    "id":38,
    "name":"臺北市大同區永樂國民小學",
    "city":"臺北市",
    "district":"大同區",
    "village":"南芳里",
    "address":"延平北路二段266號",
    "type":"學校",
    "suit_for_flood":"0",
    "suit_for_mudflow":"0",
    "suit_for_earthquake":"1",
    "suit_for_tsunami":"0",
    "indoor":"1",
    "outdoor":"0",
    "person":304,
    "full_address":"臺北市大同區延平北路二段266號"
    }
  },
  {
    "type": "Feature",
    "geometry": {
       "type": "Point",
       "coordinates":  [ 121.5185263,25.0612557 ]
    },
    "properties": {
    "id":39,
    "name":"臺北市立成淵高級中學",
    "city":"臺北市",
    "district":"大同區",
    "village":"民權里",
    "address":"承德路二段235號",
    "type":"學校",
    "suit_for_flood":"1",
    "suit_for_mudflow":"0",
    "suit_for_earthquake":"1",
    "suit_for_tsunami":"0",
    "indoor":"1",
    "outdoor":"0",
    "person":487,
    "full_address":"臺北市大同區承德路二段235號"
    }
  },
  {
    "type": "Feature",
    "geometry": {
       "type": "Point",
       "coordinates":  [ 121.5188081,25.0761278 ]
    },
    "properties": {
    "id":40,
    "name":"臺北市大同區明倫高級中學",
    "city":"臺北市",
    "district":"大同區",
    "village":"重慶里",
    "address":"承德路三段336號",
    "type":"學校",
    "suit_for_flood":"1",
    "suit_for_mudflow":"0",
    "suit_for_earthquake":"1",
    "suit_for_tsunami":"0",
    "indoor":"1",
    "outdoor":"0",
    "person":70,
    "full_address":"臺北市大同區承德路三段336號"
    }
  },
  {
    "type": "Feature",
    "geometry": {
       "type": "Point",
       "coordinates":  [ 121.5156899,25.0561383 ]
    },
    "properties": {
    "id":41,
    "name":"臺北市大同區蓬萊國民小學",
    "city":"臺北市",
    "district":"大同區",
    "village":"星明里",
    "address":"寧夏路35號",
    "type":"學校",
    "suit_for_flood":"1",
    "suit_for_mudflow":"0",
    "suit_for_earthquake":"1",
    "suit_for_tsunami":"0",
    "indoor":"1",
    "outdoor":"0",
    "person":104,
    "full_address":"臺北市大同區寧夏路35號"
    }
  },
  {
    "type": "Feature",
    "geometry": {
       "type": "Point",
       "coordinates":  [ 121.5162971,25.060272 ]
    },
    "properties": {
    "id":42,
    "name":"臺北市大同區雙蓮國民小學",
    "city":"臺北市",
    "district":"大同區",
    "village":"民權里",
    "address":"錦西街51號",
    "type":"學校",
    "suit_for_flood":"1",
    "suit_for_mudflow":"0",
    "suit_for_earthquake":"1",
    "suit_for_tsunami":"0",
    "indoor":"1",
    "outdoor":"0",
    "person":300,
    "full_address":"臺北市大同區錦西街51號"
    }
  },
  {
    "type": "Feature",
    "geometry": {
       "type": "Point",
       "coordinates":  [ 121.5167356,25.069322 ]
    },
    "properties": {
    "id":43,
    "name":"臺北市立蘭州國民中學",
    "city":"臺北市",
    "district":"大同區",
    "village":"至聖里",
    "address":"大龍街187巷1號",
    "type":"學校",
    "suit_for_flood":"0",
    "suit_for_mudflow":"0",
    "suit_for_earthquake":"1",
    "suit_for_tsunami":"0",
    "indoor":"1",
    "outdoor":"0",
    "person":34,
    "full_address":"臺北市大同區大龍街187巷1號"
    }
  },
  {
    "type": "Feature",
    "geometry": {
       "type": "Point",
       "coordinates":  [ 121.5086767,25.0647778 ]
    },
    "properties": {
    "id":44,
    "name":"大同251號綠地",
    "city":"臺北市",
    "district":"大同區",
    "village":"老師里",
    "address":"環河北路與敦煌路口三角綠地",
    "type":"公園/綠地",
    "suit_for_flood":"0",
    "suit_for_mudflow":"0",
    "suit_for_earthquake":"1",
    "suit_for_tsunami":"0",
    "indoor":"0",
    "outdoor":"1",
    "person":152,
    "full_address":"臺北市大同區環河北路與敦煌路口三角綠地"
    }
  },
  {
    "type": "Feature",
    "geometry": {
       "type": "Point",
       "coordinates":  [ 121.518523,25.0547521 ]
    },
    "properties": {
    "id":45,
    "name":"建成公園",
    "city":"臺北市",
    "district":"大同區",
    "village":"光能里",
    "address":"承德路二段35號旁",
    "type":"公園/綠地",
    "suit_for_flood":"1",
    "suit_for_mudflow":"0",
    "suit_for_earthquake":"1",
    "suit_for_tsunami":"0",
    "indoor":"0",
    "outdoor":"1",
    "person":923,
    "full_address":"臺北市大同區承德路二段35號旁"
    }
  },
  {
    "type": "Feature",
    "geometry": {
       "type": "Point",
       "coordinates":  [ 121.5140737,25.0747849 ]
    },
    "properties": {
    "id":46,
    "name":"臺北市市場處大龍市場地下停車場",
    "city":"臺北市",
    "district":"大同區",
    "village":"重慶里",
    "address":"臺北市大同區重慶北路三段347號",
    "type":"市場/停車場",
    "suit_for_flood":"1",
    "suit_for_mudflow":"0",
    "suit_for_earthquake":"0",
    "suit_for_tsunami":"0",
    "indoor":"1",
    "outdoor":"0",
    "person":2356,
    "full_address":"臺北市大同區臺北市大同區重慶北路三段347號"
    }
  },
  {
    "type": "Feature",
    "geometry": {
       "type": "Point",
       "coordinates":  [ 121.513417,25.0662225 ]
    },
    "properties": {
    "id":47,
    "name":"國慶區活動中心",
    "city":"臺北市",
    "district":"大同區",
    "village":"國慶里",
    "address":"臺北市大同區重慶北路3段76號4樓",
    "type":"活動中心",
    "suit_for_flood":"1",
    "suit_for_mudflow":"0",
    "suit_for_earthquake":"0",
    "suit_for_tsunami":"0",
    "indoor":"1",
    "outdoor":"0",
    "person":58,
    "full_address":"臺北市大同區臺北市大同區重慶北路3段76號4樓"
    }
  },
  {
    "type": "Feature",
    "geometry": {
       "type": "Point",
       "coordinates":  [ 121.5133139,25.0742305 ]
    },
    "properties": {
    "id":48,
    "name":"臺北市立圖書館大同分館",
    "city":"臺北市",
    "district":"大同區",
    "village":"老師里",
    "address":"臺北市大同區重慶北路三段318號",
    "type":"圖書館",
    "suit_for_flood":"1",
    "suit_for_mudflow":"0",
    "suit_for_earthquake":"0",
    "suit_for_tsunami":"0",
    "indoor":"1",
    "outdoor":"0",
    "person":138,
    "full_address":"臺北市大同區臺北市大同區重慶北路三段318號"
    }
  },
  {
    "type": "Feature",
    "geometry": {
       "type": "Point",
       "coordinates":  [ 121.5120921,25.059169 ]
    },
    "properties": {
    "id":49,
    "name":"臺北市立圖書館延平分館",
    "city":"臺北市",
    "district":"大同區",
    "village":"延平里",
    "address":"臺北市大同區保安街47號",
    "type":"圖書館",
    "suit_for_flood":"1",
    "suit_for_mudflow":"0",
    "suit_for_earthquake":"0",
    "suit_for_tsunami":"0",
    "indoor":"1",
    "outdoor":"0",
    "person":32,
    "full_address":"臺北市大同區臺北市大同區保安街47號"
    }
  },
  {
    "type": "Feature",
    "geometry": {
       "type": "Point",
       "coordinates":  [ 121.5161366,25.0569008 ]
    },
    "properties": {
    "id":50,
    "name":"臺北市立圖書館建成分館",
    "city":"臺北市",
    "district":"大同區",
    "village":"星明里",
    "address":"臺北市大同區民生西路198-20號4樓",
    "type":"圖書館",
    "suit_for_flood":"1",
    "suit_for_mudflow":"0",
    "suit_for_earthquake":"0",
    "suit_for_tsunami":"0",
    "indoor":"1",
    "outdoor":"0",
    "person":38,
    "full_address":"臺北市大同區臺北市大同區民生西路198-20號4樓"
    }
  },
  {
    "type": "Feature",
    "geometry": {
       "type": "Point",
       "coordinates":  [ 121.537509,25.0447598 ]
    },
    "properties": {
    "id":51,
    "name":"臺北轉運站",
    "city":"臺北市",
    "district":"大同區",
    "village":"建明里",
    "address":"臺北市大同區市民大道1段209號",
    "type":"捷運站體",
    "suit_for_flood":"1",
    "suit_for_mudflow":"0",
    "suit_for_earthquake":"0",
    "suit_for_tsunami":"0",
    "indoor":"1",
    "outdoor":"0",
    "person":1125,
    "full_address":"臺北市大同區臺北市大同區市民大道1段209號"
    }
  },
  {
    "type": "Feature",
    "geometry": {
       "type": "Point",
       "coordinates":  [ 121.5263108,25.0621164 ]
    },
    "properties": {
    "id":52,
    "name":"臺北市立新興國民中學",
    "city":"臺北市",
    "district":"中山區",
    "village":"聚葉里",
    "address":"林森北路511號",
    "type":"學校",
    "suit_for_flood":"1",
    "suit_for_mudflow":"0",
    "suit_for_earthquake":"1",
    "suit_for_tsunami":"0",
    "indoor":"1",
    "outdoor":"0",
    "person":156,
    "full_address":"臺北市中山區林森北路511號"
    }
  },
  {
    "type": "Feature",
    "geometry": {
       "type": "Point",
       "coordinates":  [ 121.5433001,25.0634801 ]
    },
    "properties": {
    "id":53,
    "name":"臺北市立五常國民中學",
    "city":"臺北市",
    "district":"中山區",
    "village":"下埤里",
    "address":"復興北路430巷1號",
    "type":"學校",
    "suit_for_flood":"1",
    "suit_for_mudflow":"1",
    "suit_for_earthquake":"1",
    "suit_for_tsunami":"0",
    "indoor":"1",
    "outdoor":"0",
    "person":247,
    "full_address":"臺北市中山區復興北路430巷1號"
    }
  },
  {
    "type": "Feature",
    "geometry": {
       "type": "Point",
       "coordinates":  [ 121.5269643,25.0636402 ]
    },
    "properties": {
    "id":54,
    "name":"臺北市中山區中山國民小學",
    "city":"臺北市",
    "district":"中山區",
    "village":"恆安里",
    "address":"民權東路一段69號",
    "type":"學校",
    "suit_for_flood":"1",
    "suit_for_mudflow":"0",
    "suit_for_earthquake":"1",
    "suit_for_tsunami":"0",
    "indoor":"1",
    "outdoor":"0",
    "person":216,
    "full_address":"臺北市中山區民權東路一段69號"
    }
  },
  {
    "type": "Feature",
    "geometry": {
       "type": "Point",
       "coordinates":  [ 121.5391412,25.0634668 ]
    },
    "properties": {
    "id":55,
    "name":"榮星花園公園",
    "city":"臺北市",
    "district":"中山區",
    "village":"行仁里",
    "address":"民權東路三段1號",
    "type":"公園/綠地",
    "suit_for_flood":"1",
    "suit_for_mudflow":"0",
    "suit_for_earthquake":"1",
    "suit_for_tsunami":"0",
    "indoor":"0",
    "outdoor":"1",
    "person":3464,
    "full_address":"臺北市中山區民權東路三段1號"
    }
  },
  {
    "type": "Feature",
    "geometry": {
       "type": "Point",
       "coordinates":  [ 121.5336997,25.0643338 ]
    },
    "properties": {
    "id":56,
    "name":"臺北市中山區行政中心大禮堂",
    "city":"臺北市",
    "district":"中山區",
    "village":"行政里",
    "address":"松江路367號10樓",
    "type":"活動中心",
    "suit_for_flood":"1",
    "suit_for_mudflow":"0",
    "suit_for_earthquake":"1",
    "suit_for_tsunami":"0",
    "indoor":"1",
    "outdoor":"0",
    "person":84,
    "full_address":"臺北市中山區松江路367號10樓"
    }
  },
  {
    "type": "Feature",
    "geometry": {
       "type": "Point",
       "coordinates":  [ 121.5214852,25.0549583 ]
    },
    "properties": {
    "id":57,
    "name":"臺北市中山運動中心",
    "city":"臺北市",
    "district":"中山區",
    "village":"民安里",
    "address":"中山北路二段44巷2號",
    "type":"體育場館/運動中心",
    "suit_for_flood":"0",
    "suit_for_mudflow":"0",
    "suit_for_earthquake":"1",
    "suit_for_tsunami":"0",
    "indoor":"1",
    "outdoor":"0",
    "person":184,
    "full_address":"臺北市中山區中山北路二段44巷2號"
    }
  },
  {
    "type": "Feature",
    "geometry": {
       "type": "Point",
       "coordinates":  [ 121.5292897,25.0707864 ]
    },
    "properties": {
    "id":58,
    "name":"新生公園棒球場",
    "city":"臺北市",
    "district":"中山區",
    "village":"新庄里",
    "address":"新生北路三段105號",
    "type":"體育場館/運動中心",
    "suit_for_flood":"0",
    "suit_for_mudflow":"0",
    "suit_for_earthquake":"1",
    "suit_for_tsunami":"0",
    "indoor":"0",
    "outdoor":"1",
    "person":60,
    "full_address":"臺北市中山區新生北路三段105號"
    }
  },
  {
    "type": "Feature",
    "geometry": {
       "type": "Point",
       "coordinates":  [ 121.5352403,25.0550022 ]
    },
    "properties": {
    "id":59,
    "name":"臺北市立大同高級中學",
    "city":"臺北市",
    "district":"中山區",
    "village":"中央里",
    "address":"長春路167號",
    "type":"學校",
    "suit_for_flood":"0",
    "suit_for_mudflow":"0",
    "suit_for_earthquake":"1",
    "suit_for_tsunami":"0",
    "indoor":"1",
    "outdoor":"0",
    "person":300,
    "full_address":"臺北市中山區長春路167號"
    }
  },
  {
    "type": "Feature",
    "geometry": {
       "type": "Point",
       "coordinates":  [ 121.5360181,25.0733728 ]
    },
    "properties": {
    "id":60,
    "name":"臺北市中山區大佳國民小學",
    "city":"臺北市",
    "district":"中山區",
    "village":"大佳里",
    "address":"濱江街107號",
    "type":"學校",
    "suit_for_flood":"1",
    "suit_for_mudflow":"0",
    "suit_for_earthquake":"1",
    "suit_for_tsunami":"0",
    "indoor":"1",
    "outdoor":"0",
    "person":30,
    "full_address":"臺北市中山區濱江街107號"
    }
  },
  {
    "type": "Feature",
    "geometry": {
       "type": "Point",
       "coordinates":  [ 121.5433284,25.0789508 ]
    },
    "properties": {
    "id":61,
    "name":"臺北市立大直高級中學",
    "city":"臺北市",
    "district":"中山區",
    "village":"劍潭里",
    "address":"北安路420號",
    "type":"學校",
    "suit_for_flood":"1",
    "suit_for_mudflow":"0",
    "suit_for_earthquake":"1",
    "suit_for_tsunami":"0",
    "indoor":"1",
    "outdoor":"0",
    "person":300,
    "full_address":"臺北市中山區北安路420號"
    }
  },
  {
    "type": "Feature",
    "geometry": {
       "type": "Point",
       "coordinates":  [ 121.5459085,25.0803376 ]
    },
    "properties": {
    "id":62,
    "name":"臺北市中山區大直國民小學",
    "city":"臺北市",
    "district":"中山區",
    "village":"大直里",
    "address":"大直街2號",
    "type":"學校",
    "suit_for_flood":"0",
    "suit_for_mudflow":"0",
    "suit_for_earthquake":"1",
    "suit_for_tsunami":"0",
    "indoor":"1",
    "outdoor":"0",
    "person":263,
    "full_address":"臺北市中山區大直街2號"
    }
  },
  {
    "type": "Feature",
    "geometry": {
       "type": "Point",
       "coordinates":  [ 121.5402731,25.0506343 ]
    },
    "properties": {
    "id":63,
    "name":"臺北市中山區中正國民小學",
    "city":"臺北市",
    "district":"中山區",
    "village":"力行里",
    "address":"龍江路62號",
    "type":"學校",
    "suit_for_flood":"0",
    "suit_for_mudflow":"0",
    "suit_for_earthquake":"1",
    "suit_for_tsunami":"0",
    "indoor":"1",
    "outdoor":"0",
    "person":250,
    "full_address":"臺北市中山區龍江路62號"
    }
  },
  {
    "type": "Feature",
    "geometry": {
       "type": "Point",
       "coordinates":  [ 121.5414629,25.0640166 ]
    },
    "properties": {
    "id":64,
    "name":"臺北市立五常國民小學",
    "city":"臺北市",
    "district":"中山區",
    "village":"下埤里",
    "address":"五常街16號",
    "type":"學校",
    "suit_for_flood":"1",
    "suit_for_mudflow":"0",
    "suit_for_earthquake":"1",
    "suit_for_tsunami":"0",
    "indoor":"1",
    "outdoor":"0",
    "person":372,
    "full_address":"臺北市中山區五常街16號"
    }
  },
  {
    "type": "Feature",
    "geometry": {
       "type": "Point",
       "coordinates":  [ 121.5418173,25.0782517 ]
    },
    "properties": {
    "id":65,
    "name":"臺北市中山區北安國民中學",
    "city":"臺北市",
    "district":"中山區",
    "village":"劍潭里",
    "address":"明水路325號",
    "type":"學校",
    "suit_for_flood":"1",
    "suit_for_mudflow":"0",
    "suit_for_earthquake":"1",
    "suit_for_tsunami":"0",
    "indoor":"1",
    "outdoor":"0",
    "person":30,
    "full_address":"臺北市中山區明水路325號"
    }
  },
  {
    "type": "Feature",
    "geometry": {
       "type": "Point",
       "coordinates":  [ 121.5497294,25.0793298 ]
    },
    "properties": {
    "id":66,
    "name":"臺北市中山區永安國民小學",
    "city":"臺北市",
    "district":"中山區",
    "village":"永安里",
    "address":"明水路397巷19弄1號",
    "type":"學校",
    "suit_for_flood":"0",
    "suit_for_mudflow":"0",
    "suit_for_earthquake":"1",
    "suit_for_tsunami":"0",
    "indoor":"1",
    "outdoor":"0",
    "person":1653,
    "full_address":"臺北市中山區明水路397巷19弄1號"
    }
  },
  {
    "type": "Feature",
    "geometry": {
       "type": "Point",
       "coordinates":  [ 121.5295626,25.0547087 ]
    },
    "properties": {
    "id":67,
    "name":"臺北市中山區吉林國民小學",
    "city":"臺北市",
    "district":"中山區",
    "village":"中原里",
    "address":"長春路116號",
    "type":"學校",
    "suit_for_flood":"1",
    "suit_for_mudflow":"0",
    "suit_for_earthquake":"1",
    "suit_for_tsunami":"0",
    "indoor":"1",
    "outdoor":"0",
    "person":313,
    "full_address":"臺北市中山區長春路116號"
    }
  },
  {
    "type": "Feature",
    "geometry": {
       "type": "Point",
       "coordinates":  [ 121.5301942,25.0498254 ]
    },
    "properties": {
    "id":68,
    "name":"臺北市中山區長安國民小學",
    "city":"臺北市",
    "district":"中山區",
    "village":"興亞里",
    "address":"吉林路15號",
    "type":"學校",
    "suit_for_flood":"1",
    "suit_for_mudflow":"0",
    "suit_for_earthquake":"1",
    "suit_for_tsunami":"0",
    "indoor":"1",
    "outdoor":"0",
    "person":600,
    "full_address":"臺北市中山區吉林路15號"
    }
  },
  {
    "type": "Feature",
    "geometry": {
       "type": "Point",
       "coordinates":  [ 121.5317817,25.0494929 ]
    },
    "properties": {
    "id":69,
    "name":"臺北市立長安國民中學",
    "city":"臺北市",
    "district":"中山區",
    "village":"興亞里",
    "address":"松江路70巷11號",
    "type":"學校",
    "suit_for_flood":"1",
    "suit_for_mudflow":"0",
    "suit_for_earthquake":"1",
    "suit_for_tsunami":"0",
    "indoor":"1",
    "outdoor":"0",
    "person":41,
    "full_address":"臺北市中山區松江路70巷11號"
    }
  },
  {
    "type": "Feature",
    "geometry": {
       "type": "Point",
       "coordinates":  [ 121.5338335,25.0558895 ]
    },
    "properties": {
    "id":70,
    "name":"臺北市中山區長春國民小學",
    "city":"臺北市",
    "district":"中山區",
    "village":"中央里",
    "address":"長春路165號",
    "type":"學校",
    "suit_for_flood":"0",
    "suit_for_mudflow":"0",
    "suit_for_earthquake":"1",
    "suit_for_tsunami":"0",
    "indoor":"1",
    "outdoor":"0",
    "person":47,
    "full_address":"臺北市中山區長春路165號"
    }
  },
  {
    "type": "Feature",
    "geometry": {
       "type": "Point",
       "coordinates":  [ 121.5606372,25.0772132 ]
    },
    "properties": {
    "id":71,
    "name":"臺北市中山區濱江國民小學",
    "city":"臺北市",
    "district":"中山區",
    "village":"金泰里",
    "address":"樂群二路266巷99號",
    "type":"學校",
    "suit_for_flood":"1",
    "suit_for_mudflow":"0",
    "suit_for_earthquake":"1",
    "suit_for_tsunami":"0",
    "indoor":"1",
    "outdoor":"0",
    "person":114,
    "full_address":"臺北市中山區樂群二路266巷99號"
    }
  },
  {
    "type": "Feature",
    "geometry": {
       "type": "Point",
       "coordinates":  [ 121.5609048,25.0792217 ]
    },
    "properties": {
    "id":72,
    "name":"臺北市濱江實驗國民中學",
    "city":"臺北市",
    "district":"中山區",
    "village":"金泰里",
    "address":"樂群二路262號",
    "type":"學校",
    "suit_for_flood":"1",
    "suit_for_mudflow":"0",
    "suit_for_earthquake":"1",
    "suit_for_tsunami":"0",
    "indoor":"1",
    "outdoor":"0",
    "person":100,
    "full_address":"臺北市中山區樂群二路262號"
    }
  },
  {
    "type": "Feature",
    "geometry": {
       "type": "Point",
       "coordinates":  [ 121.541703,25.0452694 ]
    },
    "properties": {
    "id":73,
    "name":"臺北市中山區懷生國民小學",
    "city":"臺北市",
    "district":"中山區",
    "village":"埤頭里",
    "address":"安東街16巷2號",
    "type":"學校",
    "suit_for_flood":"1",
    "suit_for_mudflow":"0",
    "suit_for_earthquake":"1",
    "suit_for_tsunami":"0",
    "indoor":"1",
    "outdoor":"0",
    "person":30,
    "full_address":"臺北市中山區安東街16巷2號"
    }
  },
  {
    "type": "Feature",
    "geometry": {
       "type": "Point",
       "coordinates":  [ 121.5598075,25.0766701 ]
    },
    "properties": {
    "id":74,
    "name":"下塔悠\n(公7)公園",
    "city":"臺北市",
    "district":"中山區",
    "village":"金泰里",
    "address":"樂群一路旁,基隆河截彎取直範圍內",
    "type":"公園/綠地",
    "suit_for_flood":"0",
    "suit_for_mudflow":"0",
    "suit_for_earthquake":"1",
    "suit_for_tsunami":"0",
    "indoor":"0",
    "outdoor":"1",
    "person":2105,
    "full_address":"臺北市中山區樂群一路旁,基隆河截彎取直範圍內"
    }
  },
  {
    "type": "Feature",
    "geometry": {
       "type": "Point",
       "coordinates":  [ 121.5259293,25.0473597 ]
    },
    "properties": {
    "id":75,
    "name":"華山公園",
    "city":"臺北市",
    "district":"中山區",
    "village":"正得、正守里",
    "address":"市民大道二段",
    "type":"公園/綠地",
    "suit_for_flood":"0",
    "suit_for_mudflow":"0",
    "suit_for_earthquake":"1",
    "suit_for_tsunami":"0",
    "indoor":"0",
    "outdoor":"1",
    "person":1271,
    "full_address":"臺北市中山區市民大道二段"
    }
  },
  {
    "type": "Feature",
    "geometry": {
       "type": "Point",
       "coordinates":  [ 121.5598075,25.0766701 ]
    },
    "properties": {
    "id":76,
    "name":"金泰(公8)公園",
    "city":"臺北市",
    "district":"中山區",
    "village":"金泰里",
    "address":"樂群一路旁,基隆河截彎取直範圍內",
    "type":"公園/綠地",
    "suit_for_flood":"0",
    "suit_for_mudflow":"0",
    "suit_for_earthquake":"1",
    "suit_for_tsunami":"0",
    "indoor":"0",
    "outdoor":"1",
    "person":3500,
    "full_address":"臺北市中山區樂群一路旁,基隆河截彎取直範圍內"
    }
  },
  {
    "type": "Feature",
    "geometry": {
       "type": "Point",
       "coordinates":  [ 121.5480191,25.0797498 ]
    },
    "properties": {
    "id":77,
    "name":"明水公園",
    "city":"臺北市",
    "district":"中山區",
    "village":"永安里",
    "address":"北安路538巷1弄1號前",
    "type":"公園/綠地",
    "suit_for_flood":"0",
    "suit_for_mudflow":"0",
    "suit_for_earthquake":"1",
    "suit_for_tsunami":"0",
    "indoor":"0",
    "outdoor":"1",
    "person":868,
    "full_address":"臺北市中山區北安路538巷1弄1號前"
    }
  },
  {
    "type": "Feature",
    "geometry": {
       "type": "Point",
       "coordinates":  [ 121.5427093,25.0792018 ]
    },
    "properties": {
    "id":78,
    "name":"中山地下街",
    "city":"臺北市",
    "district":"中山區",
    "village":"民安里",
    "address":"臺北市長安西路52-1號B1",
    "type":"捷運站體",
    "suit_for_flood":"1",
    "suit_for_mudflow":"0",
    "suit_for_earthquake":"0",
    "suit_for_tsunami":"0",
    "indoor":"1",
    "outdoor":"0",
    "person":3674,
    "full_address":"臺北市中山區臺北市長安西路52-1號B1"
    }
  },
  {
    "type": "Feature",
    "geometry": {
       "type": "Point",
       "coordinates":  [ 121.5380342,25.0491977 ]
    },
    "properties": {
    "id":79,
    "name":"臺北市立中山女子高級中學",
    "city":"臺北市",
    "district":"中山區",
    "village":"力行里",
    "address":"長安東路二段141號",
    "type":"學校",
    "suit_for_flood":"1",
    "suit_for_mudflow":"0",
    "suit_for_earthquake":"1",
    "suit_for_tsunami":"0",
    "indoor":"1",
    "outdoor":"0",
    "person":135,
    "full_address":"臺北市中山區長安東路二段141號"
    }
  },
  {
    "type": "Feature",
    "geometry": {
       "type": "Point",
       "coordinates":  [ 121.5370111,25.0666721 ]
    },
    "properties": {
    "id":80,
    "name":"臺北市市場處臺北市民族魚市",
    "city":"臺北市",
    "district":"中山區",
    "village":"行孝里",
    "address":"臺北市中山區民族東路410巷2弄18、20號",
    "type":"市場/停車場",
    "suit_for_flood":"1",
    "suit_for_mudflow":"0",
    "suit_for_earthquake":"0",
    "suit_for_tsunami":"0",
    "indoor":"0",
    "outdoor":"1",
    "person":950,
    "full_address":"臺北市中山區臺北市中山區民族東路410巷2弄18、20號"
    }
  },
  {
    "type": "Feature",
    "geometry": {
       "type": "Point",
       "coordinates":  [ 121.5327945,25.0526735 ]
    },
    "properties": {
    "id":81,
    "name":"松江南京站",
    "city":"臺北市",
    "district":"中山區",
    "village":"中吉里",
    "address":"臺北市中山區松江路126號B1",
    "type":"捷運站體",
    "suit_for_flood":"1",
    "suit_for_mudflow":"0",
    "suit_for_earthquake":"0",
    "suit_for_tsunami":"0",
    "indoor":"1",
    "outdoor":"0",
    "person":1963,
    "full_address":"臺北市中山區臺北市中山區松江路126號B1"
    }
  },
  {
    "type": "Feature",
    "geometry": {
       "type": "Point",
       "coordinates":  [ 121.5205405,25.0703871 ]
    },
    "properties": {
    "id":82,
    "name":"花博公園\n圓山園區",
    "city":"臺北市",
    "district":"中山區",
    "village":"圓山里",
    "address":"玉門街1號.(玉泉街以東,中山北路以西,酒泉街以北)",
    "type":"公園/綠地",
    "suit_for_flood":"1",
    "suit_for_mudflow":"0",
    "suit_for_earthquake":"1",
    "suit_for_tsunami":"0",
    "indoor":"0",
    "outdoor":"1",
    "person":13517,
    "full_address":"臺北市中山區玉門街1號.(玉泉街以東,中山北路以西,酒泉街以北)"
    }
  },
  {
    "type": "Feature",
    "geometry": {
       "type": "Point",
       "coordinates":  [ 121.5423693,25.0549138 ]
    },
    "properties": {
    "id":83,
    "name":"臺北市市場處長春市場地下停車場",
    "city":"臺北市",
    "district":"中山區",
    "village":"龍洲里",
    "address":"臺北市中山區長春路299號1樓",
    "type":"市場/停車場",
    "suit_for_flood":"0",
    "suit_for_mudflow":"0",
    "suit_for_earthquake":"0",
    "suit_for_tsunami":"0",
    "indoor":"1",
    "outdoor":"0",
    "person":200,
    "full_address":"臺北市中山區臺北市中山區長春路299號1樓"
    }
  },
  {
    "type": "Feature",
    "geometry": {
       "type": "Point",
       "coordinates":  [ 121.5228376,25.0633195 ]
    },
    "properties": {
    "id":84,
    "name":"臺北市立美術館",
    "city":"臺北市",
    "district":"中山區",
    "village":"圓山里",
    "address":"臺北市中山區中山北路181號",
    "type":"藝術中心",
    "suit_for_flood":"0",
    "suit_for_mudflow":"0",
    "suit_for_earthquake":"0",
    "suit_for_tsunami":"0",
    "indoor":"1",
    "outdoor":"1",
    "person":366,
    "full_address":"臺北市中山區臺北市中山區中山北路181號"
    }
  },
  {
    "type": "Feature",
    "geometry": {
       "type": "Point",
       "coordinates":  [ 121.5467859,25.0819232 ]
    },
    "properties": {
    "id":85,
    "name":"臺北市立圖書館大直分館",
    "city":"臺北市",
    "district":"中山區",
    "village":"大直里",
    "address":"臺北市中山區大直街25號3-5樓",
    "type":"圖書館",
    "suit_for_flood":"0",
    "suit_for_mudflow":"0",
    "suit_for_earthquake":"0",
    "suit_for_tsunami":"0",
    "indoor":"1",
    "outdoor":"0",
    "person":180,
    "full_address":"臺北市中山區臺北市中山區大直街25號3-5樓"
    }
  },
  {
    "type": "Feature",
    "geometry": {
       "type": "Point",
       "coordinates":  [ 121.5336997,25.0643338 ]
    },
    "properties": {
    "id":86,
    "name":"臺北市立圖書館中山分館",
    "city":"臺北市",
    "district":"中山區",
    "village":"行政里",
    "address":"臺北市中山區松江路367號8樓",
    "type":"圖書館",
    "suit_for_flood":"1",
    "suit_for_mudflow":"0",
    "suit_for_earthquake":"0",
    "suit_for_tsunami":"0",
    "indoor":"1",
    "outdoor":"0",
    "person":46,
    "full_address":"臺北市中山區臺北市中山區松江路367號8樓"
    }
  },
  {
    "type": "Feature",
    "geometry": {
       "type": "Point",
       "coordinates":  [ 121.521014,25.050231 ]
    },
    "properties": {
    "id":87,
    "name":"臺北市立圖書館長安分館",
    "city":"臺北市",
    "district":"中山區",
    "village":"民安里",
    "address":"臺北市中山區長安西路3號4樓",
    "type":"圖書館",
    "suit_for_flood":"0",
    "suit_for_mudflow":"0",
    "suit_for_earthquake":"0",
    "suit_for_tsunami":"0",
    "indoor":"1",
    "outdoor":"0",
    "person":49,
    "full_address":"臺北市中山區臺北市中山區長安西路3號4樓"
    }
  },
  {
    "type": "Feature",
    "geometry": {
       "type": "Point",
       "coordinates":  [ 121.5373211,25.067861 ]
    },
    "properties": {
    "id":88,
    "name":"臺北市市場處臺北市第二果菜市場",
    "city":"臺北市",
    "district":"中山區",
    "village":"行孝里",
    "address":"臺北市中山區民族東路336號",
    "type":"市場/停車場",
    "suit_for_flood":"1",
    "suit_for_mudflow":"0",
    "suit_for_earthquake":"0",
    "suit_for_tsunami":"0",
    "indoor":"1",
    "outdoor":"0",
    "person":5063,
    "full_address":"臺北市中山區臺北市中山區民族東路336號"
    }
  },
  {
    "type": "Feature",
    "geometry": {
       "type": "Point",
       "coordinates":  [ 121.5661426,25.0602498 ]
    },
    "properties": {
    "id":89,
    "name":"臺北市立民生國民中學",
    "city":"臺北市",
    "district":"松山區",
    "village":"新東里",
    "address":"新東街30巷1號",
    "type":"學校",
    "suit_for_flood":"1",
    "suit_for_mudflow":"0",
    "suit_for_earthquake":"1",
    "suit_for_tsunami":"0",
    "indoor":"1",
    "outdoor":"0",
    "person":161,
    "full_address":"臺北市松山區新東街30巷1號"
    }
  },
  {
    "type": "Feature",
    "geometry": {
       "type": "Point",
       "coordinates":  [ 121.5645793,25.0634023 ]
    },
    "properties": {
    "id":90,
    "name":"臺北市松山區三民國民小學",
    "city":"臺北市",
    "district":"松山區",
    "village":"莊敬里",
    "address":"民權東路五段1號",
    "type":"學校",
    "suit_for_flood":"1",
    "suit_for_mudflow":"0",
    "suit_for_earthquake":"1",
    "suit_for_tsunami":"0",
    "indoor":"1",
    "outdoor":"0",
    "person":140,
    "full_address":"臺北市松山區民權東路五段1號"
    }
  },
  {
    "type": "Feature",
    "geometry": {
       "type": "Point",
       "coordinates":  [ 121.5467051,25.0509665 ]
    },
    "properties": {
    "id":91,
    "name":"臺北市立敦化國民中學",
    "city":"臺北市",
    "district":"松山區",
    "village":"中正里",
    "address":"南京東路三段300號",
    "type":"學校",
    "suit_for_flood":"1",
    "suit_for_mudflow":"0",
    "suit_for_earthquake":"1",
    "suit_for_tsunami":"0",
    "indoor":"1",
    "outdoor":"0",
    "person":253,
    "full_address":"臺北市松山區南京東路三段300號"
    }
  },
  {
    "type": "Feature",
    "geometry": {
       "type": "Point",
       "coordinates":  [ 121.552521,25.0558398 ]
    },
    "properties": {
    "id":92,
    "name":"臺北市松山區民生國民小學",
    "city":"臺北市",
    "district":"松山區",
    "village":"中華里",
    "address":"敦化北路199巷18號",
    "type":"學校",
    "suit_for_flood":"1",
    "suit_for_mudflow":"0",
    "suit_for_earthquake":"1",
    "suit_for_tsunami":"0",
    "indoor":"1",
    "outdoor":"0",
    "person":126,
    "full_address":"臺北市松山區敦化北路199巷18號"
    }
  },
  {
    "type": "Feature",
    "geometry": {
       "type": "Point",
       "coordinates":  [ 121.5623183,25.0622135 ]
    },
    "properties": {
    "id":93,
    "name":"民權公園",
    "city":"臺北市",
    "district":"松山區",
    "village":"東榮里",
    "address":"民權東路四段、民權國小附近",
    "type":"公園/綠地",
    "suit_for_flood":"1",
    "suit_for_mudflow":"0",
    "suit_for_earthquake":"1",
    "suit_for_tsunami":"0",
    "indoor":"0",
    "outdoor":"1",
    "person":2465,
    "full_address":"臺北市松山區民權東路四段、民權國小附近"
    }
  },
  {
    "type": "Feature",
    "geometry": {
       "type": "Point",
       "coordinates":  [ 121.5504002,25.048939 ]
    },
    "properties": {
    "id":94,
    "name":"臺北市松山運動中心",
    "city":"臺北市",
    "district":"松山區",
    "village":"中正里",
    "address":"敦化北路1號",
    "type":"體育場館/運動中心",
    "suit_for_flood":"1",
    "suit_for_mudflow":"0",
    "suit_for_earthquake":"1",
    "suit_for_tsunami":"0",
    "indoor":"1",
    "outdoor":"0",
    "person":180,
    "full_address":"臺北市松山區敦化北路1號"
    }
  },
  {
    "type": "Feature",
    "geometry": {
       "type": "Point",
       "coordinates":  [ 121.5524318,25.0496452 ]
    },
    "properties": {
    "id":95,
    "name":"臺北田徑場",
    "city":"臺北市",
    "district":"松山區",
    "village":"中正里",
    "address":"敦化北路3號",
    "type":"體育場館/運動中心",
    "suit_for_flood":"1",
    "suit_for_mudflow":"0",
    "suit_for_earthquake":"1",
    "suit_for_tsunami":"0",
    "indoor":"0",
    "outdoor":"1",
    "person":440,
    "full_address":"臺北市松山區敦化北路3號"
    }
  },
  {
    "type": "Feature",
    "geometry": {
       "type": "Point",
       "coordinates":  [ 121.5520772,25.0512955 ]
    },
    "properties": {
    "id":96,
    "name":"臺北體育館",
    "city":"臺北市",
    "district":"松山區",
    "village":"中正里",
    "address":"南京東路四段10號",
    "type":"體育場館/運動中心",
    "suit_for_flood":"1",
    "suit_for_mudflow":"0",
    "suit_for_earthquake":"1",
    "suit_for_tsunami":"0",
    "indoor":"1",
    "outdoor":"0",
    "person":1000,
    "full_address":"臺北市松山區南京東路四段10號"
    }
  },
  {
    "type": "Feature",
    "geometry": {
       "type": "Point",
       "coordinates":  [ 121.5455308,25.0606185 ]
    },
    "properties": {
    "id":97,
    "name":"臺北市立中山國民中學",
    "city":"臺北市",
    "district":"松山區",
    "village":"民有里",
    "address":"復興北路361巷7號",
    "type":"學校",
    "suit_for_flood":"1",
    "suit_for_mudflow":"0",
    "suit_for_earthquake":"1",
    "suit_for_tsunami":"0",
    "indoor":"1",
    "outdoor":"0",
    "person":278,
    "full_address":"臺北市松山區復興北路361巷7號"
    }
  },
  {
    "type": "Feature",
    "geometry": {
       "type": "Point",
       "coordinates":  [ 121.5616506,25.0493844 ]
    },
    "properties": {
    "id":98,
    "name":"臺北市立中崙高級中學",
    "city":"臺北市",
    "district":"松山區",
    "village":"吉祥里",
    "address":"八德路四段101號",
    "type":"學校",
    "suit_for_flood":"1",
    "suit_for_mudflow":"0",
    "suit_for_earthquake":"1",
    "suit_for_tsunami":"0",
    "indoor":"1",
    "outdoor":"0",
    "person":300,
    "full_address":"臺北市松山區八德路四段101號"
    }
  },
  {
    "type": "Feature",
    "geometry": {
       "type": "Point",
       "coordinates":  [ 121.5515231,25.0571766 ]
    },
    "properties": {
    "id":99,
    "name":"臺北市立圖書館民生分館",
    "city":"臺北市",
    "district":"松山區",
    "village":"精忠里",
    "address":"臺北市松山區敦化北路199巷5號4、5樓",
    "type":"圖書館",
    "suit_for_flood":"1",
    "suit_for_mudflow":"0",
    "suit_for_earthquake":"0",
    "suit_for_tsunami":"0",
    "indoor":"1",
    "outdoor":"0",
    "person":50,
    "full_address":"臺北市松山區臺北市松山區敦化北路199巷5號4、5樓"
    }
  },
  {
    "type": "Feature",
    "geometry": {
       "type": "Point",
       "coordinates":  [ 121.5566164,25.0568251 ]
    },
    "properties": {
    "id":100,
    "name":"臺北市立介壽國民中學",
    "city":"臺北市",
    "district":"松山區",
    "village":"介壽里",
    "address":"延壽街401號",
    "type":"學校",
    "suit_for_flood":"1",
    "suit_for_mudflow":"0",
    "suit_for_earthquake":"1",
    "suit_for_tsunami":"0",
    "indoor":"1",
    "outdoor":"0",
    "person":144,
    "full_address":"臺北市松山區延壽街401號"
    }
  },
  {
    "type": "Feature",
    "geometry": {
       "type": "Point",
       "coordinates":  [ 121.5514506,25.0592312 ]
    },
    "properties": {
    "id":101,
    "name":"臺北市松山區民族國民小學",
    "city":"臺北市",
    "district":"松山區",
    "village":"精忠里",
    "address":"民生東路四段97巷7號",
    "type":"學校",
    "suit_for_flood":"1",
    "suit_for_mudflow":"0",
    "suit_for_earthquake":"1",
    "suit_for_tsunami":"0",
    "indoor":"1",
    "outdoor":"0",
    "person":40,
    "full_address":"臺北市松山區民生東路四段97巷7號"
    }
  },
  {
    "type": "Feature",
    "geometry": {
       "type": "Point",
       "coordinates":  [ 121.566347,25.055357 ]
    },
    "properties": {
    "id":102,
    "name":"臺北市立西松高級中學",
    "city":"臺北市",
    "district":"松山區",
    "village":"鵬程里",
    "address":"臺北市松山區健康路325巷7號",
    "type":"學校",
    "suit_for_flood":"0",
    "suit_for_mudflow":"0",
    "suit_for_earthquake":"1",
    "suit_for_tsunami":"0",
    "indoor":"1",
    "outdoor":"0",
    "person":300,
    "full_address":"臺北市松山區臺北市松山區健康路325巷7號"
    }
  },
  {
    "type": "Feature",
    "geometry": {
       "type": "Point",
       "coordinates":  [ 121.5634612,25.0523564 ]
    },
    "properties": {
    "id":103,
    "name":"臺北市松山區西松國民小學",
    "city":"臺北市",
    "district":"松山區",
    "village":"東光里",
    "address":"三民路5號",
    "type":"學校",
    "suit_for_flood":"0",
    "suit_for_mudflow":"0",
    "suit_for_earthquake":"1",
    "suit_for_tsunami":"0",
    "indoor":"1",
    "outdoor":"0",
    "person":47,
    "full_address":"臺北市松山區三民路5號"
    }
  },
  {
    "type": "Feature",
    "geometry": {
       "type": "Point",
       "coordinates":  [ 121.5785624,25.0506966 ]
    },
    "properties": {
    "id":104,
    "name":"臺北市松山區松山國民小學",
    "city":"臺北市",
    "district":"松山區",
    "village":"慈祐里",
    "address":"八德路四段746號",
    "type":"學校",
    "suit_for_flood":"0",
    "suit_for_mudflow":"0",
    "suit_for_earthquake":"1",
    "suit_for_tsunami":"0",
    "indoor":"1",
    "outdoor":"0",
    "person":95,
    "full_address":"臺北市松山區八德路四段746號"
    }
  },
  {
    "type": "Feature",
    "geometry": {
       "type": "Point",
       "coordinates":  [ 121.5630309,25.0563294 ]
    },
    "properties": {
    "id":105,
    "name":"臺北市松山區健康國民小學",
    "city":"臺北市",
    "district":"松山區",
    "village":"自強里",
    "address":"延壽街168號",
    "type":"學校",
    "suit_for_flood":"0",
    "suit_for_mudflow":"0",
    "suit_for_earthquake":"1",
    "suit_for_tsunami":"0",
    "indoor":"1",
    "outdoor":"0",
    "person":150,
    "full_address":"臺北市松山區延壽街168號"
    }
  },
  {
    "type": "Feature",
    "geometry": {
       "type": "Point",
       "coordinates":  [ 121.5485239,25.0491723 ]
    },
    "properties": {
    "id":106,
    "name":"敦化國小",
    "city":"臺北市",
    "district":"松山區",
    "village":"中正里",
    "address":"敦化北路2號",
    "type":"學校",
    "suit_for_flood":"1",
    "suit_for_mudflow":"0",
    "suit_for_earthquake":"1",
    "suit_for_tsunami":"0",
    "indoor":"1",
    "outdoor":"0",
    "person":56,
    "full_address":"臺北市松山區敦化北路2號"
    }
  },
  {
    "type": "Feature",
    "geometry": {
       "type": "Point",
       "coordinates":  [ 121.5604999,25.0616917 ]
    },
    "properties": {
    "id":107,
    "name":"臺北市松山區民權國民小學",
    "city":"臺北市",
    "district":"松山區",
    "village":"三民里",
    "address":"民權東路四段200號",
    "type":"學校",
    "suit_for_flood":"1",
    "suit_for_mudflow":"0",
    "suit_for_earthquake":"1",
    "suit_for_tsunami":"0",
    "indoor":"1",
    "outdoor":"0",
    "person":80,
    "full_address":"臺北市松山區民權東路四段200號"
    }
  },
  {
    "type": "Feature",
    "geometry": {
       "type": "Point",
       "coordinates":  [ 121.521914,25.049564 ]
    },
    "properties": {
    "id":108,
    "name":"中正區民活動中心",
    "city":"臺北市",
    "district":"松山區",
    "village":"中正里",
    "address":"臺北市松山區長安東路2段229號11樓",
    "type":"活動中心",
    "suit_for_flood":"1",
    "suit_for_mudflow":"0",
    "suit_for_earthquake":"0",
    "suit_for_tsunami":"0",
    "indoor":"1",
    "outdoor":"0",
    "person":112,
    "full_address":"臺北市松山區臺北市松山區長安東路2段229號11樓"
    }
  },
  {
    "type": "Feature",
    "geometry": {
       "type": "Point",
       "coordinates":  [ 121.5470329,25.0604589 ]
    },
    "properties": {
    "id":109,
    "name":"民有區民活動中心",
    "city":"臺北市",
    "district":"松山區",
    "village":"民有里",
    "address":"臺北市松山區民權東路三段140巷15號4、5樓",
    "type":"活動中心",
    "suit_for_flood":"1",
    "suit_for_mudflow":"0",
    "suit_for_earthquake":"0",
    "suit_for_tsunami":"0",
    "indoor":"1",
    "outdoor":"0",
    "person":196,
    "full_address":"臺北市松山區臺北市松山區民權東路三段140巷15號4、5樓"
    }
  },
  {
    "type": "Feature",
    "geometry": {
       "type": "Point",
       "coordinates":  [ 121.5624655,25.0551954 ]
    },
    "properties": {
    "id":110,
    "name":"自強區民活動中心",
    "city":"臺北市",
    "district":"松山區",
    "village":"自強里",
    "address":"臺北市松山區三民路35巷9號",
    "type":"活動中心",
    "suit_for_flood":"0",
    "suit_for_mudflow":"0",
    "suit_for_earthquake":"0",
    "suit_for_tsunami":"0",
    "indoor":"1",
    "outdoor":"0",
    "person":68,
    "full_address":"臺北市松山區臺北市松山區三民路35巷9號"
    }
  },
  {
    "type": "Feature",
    "geometry": {
       "type": "Point",
       "coordinates":  [ 121.5716712,25.0496671 ]
    },
    "properties": {
    "id":111,
    "name":"慈祐區民活動中心",
    "city":"臺北市",
    "district":"松山區",
    "village":"慈祐里",
    "address":"臺北市松山區八德路4段568號",
    "type":"活動中心",
    "suit_for_flood":"0",
    "suit_for_mudflow":"0",
    "suit_for_earthquake":"0",
    "suit_for_tsunami":"0",
    "indoor":"1",
    "outdoor":"0",
    "person":55,
    "full_address":"臺北市松山區臺北市松山區八德路4段568號"
    }
  },
  {
    "type": "Feature",
    "geometry": {
       "type": "Point",
       "coordinates":  [ 121.5688288,25.0546721 ]
    },
    "properties": {
    "id":112,
    "name":"鵬程區民活動中心",
    "city":"臺北市",
    "district":"松山區",
    "village":"鵬程里",
    "address":"臺北市松山區健康路399號3樓",
    "type":"活動中心",
    "suit_for_flood":"0",
    "suit_for_mudflow":"0",
    "suit_for_earthquake":"1",
    "suit_for_tsunami":"0",
    "indoor":"1",
    "outdoor":"0",
    "person":161,
    "full_address":"臺北市松山區臺北市松山區健康路399號3樓"
    }
  },
  {
    "type": "Feature",
    "geometry": {
       "type": "Point",
       "coordinates":  [ 121.5448557,25.0519734 ]
    },
    "properties": {
    "id":113,
    "name":"南京復興站",
    "city":"臺北市",
    "district":"松山區",
    "village":"中正里",
    "address":"臺北市松山區南京東路3段253號",
    "type":"捷運站體",
    "suit_for_flood":"1",
    "suit_for_mudflow":"0",
    "suit_for_earthquake":"0",
    "suit_for_tsunami":"0",
    "indoor":"1",
    "outdoor":"0",
    "person":1270,
    "full_address":"臺北市松山區臺北市松山區南京東路3段253號"
    }
  },
  {
    "type": "Feature",
    "geometry": {
       "type": "Point",
       "coordinates":  [ 121.5513287,25.05709 ]
    },
    "properties": {
    "id":114,
    "name":"臺北市市場處嘟嘟房敦北頂好站停車場",
    "city":"臺北市",
    "district":"松山區",
    "village":"精忠里",
    "address":"臺北市松山區敦化北路199巷5號地下1樓",
    "type":"市場/停車場",
    "suit_for_flood":"1",
    "suit_for_mudflow":"0",
    "suit_for_earthquake":"0",
    "suit_for_tsunami":"0",
    "indoor":"1",
    "outdoor":"0",
    "person":253,
    "full_address":"臺北市松山區臺北市松山區敦化北路199巷5號地下1樓"
    }
  },
  {
    "type": "Feature",
    "geometry": {
       "type": "Point",
       "coordinates":  [ 121.5627777,25.0594724 ]
    },
    "properties": {
    "id":115,
    "name":"臺北市立圖書館三民分館",
    "city":"臺北市",
    "district":"松山區",
    "village":"三民里",
    "address":"臺北市松山區民生東路五段163-1號5、6樓",
    "type":"圖書館",
    "suit_for_flood":"1",
    "suit_for_mudflow":"0",
    "suit_for_earthquake":"0",
    "suit_for_tsunami":"0",
    "indoor":"1",
    "outdoor":"0",
    "person":70,
    "full_address":"臺北市松山區臺北市松山區民生東路五段163-1號5、6樓"
    }
  },
  {
    "type": "Feature",
    "geometry": {
       "type": "Point",
       "coordinates":  [ 121.5458902,25.048396 ]
    },
    "properties": {
    "id":116,
    "name":"臺北市立圖書館中崙分館",
    "city":"臺北市",
    "district":"松山區",
    "village":"中正里",
    "address":"臺北市松山區長安東路二段229號7-10樓",
    "type":"圖書館",
    "suit_for_flood":"1",
    "suit_for_mudflow":"0",
    "suit_for_earthquake":"0",
    "suit_for_tsunami":"0",
    "indoor":"1",
    "outdoor":"0",
    "person":37,
    "full_address":"臺北市松山區臺北市松山區長安東路二段229號7-10樓"
    }
  },
  {
    "type": "Feature",
    "geometry": {
       "type": "Point",
       "coordinates":  [ 121.5768498,25.0498467 ]
    },
    "properties": {
    "id":117,
    "name":"臺北市立圖書館松山分館(暫停用)",
    "city":"臺北市",
    "district":"松山區",
    "village":"慈祐里",
    "address":"臺北市松山區八德路四段688號5-8樓",
    "type":"圖書館",
    "suit_for_flood":"0",
    "suit_for_mudflow":"0",
    "suit_for_earthquake":"0",
    "suit_for_tsunami":"0",
    "indoor":"1",
    "outdoor":"0",
    "person":0,
    "full_address":"臺北市松山區臺北市松山區八德路四段688號5-8樓"
    }
  },
  {
    "type": "Feature",
    "geometry": {
       "type": "Point",
       "coordinates":  [ 121.5515432,25.0545375 ]
    },
    "properties": {
    "id":118,
    "name":"臺北市立圖書館啟明分館",
    "city":"臺北市",
    "district":"松山區",
    "village":"中華里",
    "address":"臺北市松山區敦化北路155巷76號",
    "type":"圖書館",
    "suit_for_flood":"1",
    "suit_for_mudflow":"0",
    "suit_for_earthquake":"0",
    "suit_for_tsunami":"0",
    "indoor":"1",
    "outdoor":"0",
    "person":100,
    "full_address":"臺北市松山區臺北市松山區敦化北路155巷76號"
    }
  },
  {
    "type": "Feature",
    "geometry": {
       "type": "Point",
       "coordinates":  [ 121.5538142,25.0547478 ]
    },
    "properties": {
    "id":119,
    "name":"臺北市市場處龍城市場地下停車場",
    "city":"臺北市",
    "district":"松山區",
    "village":"龍田里",
    "address":"臺北市松山區光復北路190巷39號",
    "type":"市場/停車場",
    "suit_for_flood":"0",
    "suit_for_mudflow":"0",
    "suit_for_earthquake":"0",
    "suit_for_tsunami":"0",
    "indoor":"1",
    "outdoor":"0",
    "person":879,
    "full_address":"臺北市松山區臺北市松山區光復北路190巷39號"
    }
  },
  {
    "type": "Feature",
    "geometry": {
       "type": "Point",
       "coordinates":  [ 121.5570362,25.0580325 ]
    },
    "properties": {
    "id":120,
    "name":"民生公園",
    "city":"臺北市",
    "district":"松山區",
    "village":"介壽里",
    "address":"民生東路五段36巷4弄與8弄間.",
    "type":"公園/綠地",
    "suit_for_flood":"1",
    "suit_for_mudflow":"0",
    "suit_for_earthquake":"1",
    "suit_for_tsunami":"0",
    "indoor":"0",
    "outdoor":"1",
    "person":1554,
    "full_address":"臺北市松山區民生東路五段36巷4弄與8弄間."
    }
  },
  {
    "type": "Feature",
    "geometry": {
       "type": "Point",
       "coordinates":  [ 121.5388905,25.0111492 ]
    },
    "properties": {
    "id":121,
    "name":"臺北市民族實驗國中",
    "city":"臺北市",
    "district":"大安區",
    "village":"學府里",
    "address":"羅斯福路四段113巷13號",
    "type":"學校",
    "suit_for_flood":"0",
    "suit_for_mudflow":"0",
    "suit_for_earthquake":"1",
    "suit_for_tsunami":"0",
    "indoor":"1",
    "outdoor":"0",
    "person":139,
    "full_address":"臺北市大安區羅斯福路四段113巷13號"
    }
  },
  {
    "type": "Feature",
    "geometry": {
       "type": "Point",
       "coordinates":  [ 121.5504269,25.0189218 ]
    },
    "properties": {
    "id":122,
    "name":"臺北市大安區大安國民小學",
    "city":"臺北市",
    "district":"大安區",
    "village":"芳和里",
    "address":"臥龍街129號",
    "type":"學校",
    "suit_for_flood":"1",
    "suit_for_mudflow":"0",
    "suit_for_earthquake":"1",
    "suit_for_tsunami":"0",
    "indoor":"1",
    "outdoor":"0",
    "person":152,
    "full_address":"臺北市大安區臥龍街129號"
    }
  },
  {
    "type": "Feature",
    "geometry": {
       "type": "Point",
       "coordinates":  [ 121.5383614,25.0235395 ]
    },
    "properties": {
    "id":123,
    "name":"臺北市立龍門國民中學",
    "city":"臺北市",
    "district":"大安區",
    "village":"龍門里",
    "address":"建國南路二段269號",
    "type":"學校",
    "suit_for_flood":"1",
    "suit_for_mudflow":"0",
    "suit_for_earthquake":"1",
    "suit_for_tsunami":"0",
    "indoor":"1",
    "outdoor":"0",
    "person":319,
    "full_address":"臺北市大安區建國南路二段269號"
    }
  },
  {
    "type": "Feature",
    "geometry": {
       "type": "Point",
       "coordinates":  [ 121.534971,25.0374 ]
    },
    "properties": {
    "id":124,
    "name":"臺北市大安區幸安國民小學",
    "city":"臺北市",
    "district":"大安區",
    "village":"民炤里",
    "address":"仁愛路3段22號",
    "type":"學校",
    "suit_for_flood":"1",
    "suit_for_mudflow":"0",
    "suit_for_earthquake":"1",
    "suit_for_tsunami":"0",
    "indoor":"1",
    "outdoor":"0",
    "person":183,
    "full_address":"臺北市大安區仁愛路3段22號"
    }
  },
  {
    "type": "Feature",
    "geometry": {
       "type": "Point",
       "coordinates":  [ 121.5338122,25.0305394 ]
    },
    "properties": {
    "id":125,
    "name":"大安森林公園",
    "city":"臺北市",
    "district":"大安區",
    "village":"龍門里",
    "address":"台北市大安區新生南路二段1號",
    "type":"公園/綠地",
    "suit_for_flood":"1",
    "suit_for_mudflow":"0",
    "suit_for_earthquake":"1",
    "suit_for_tsunami":"0",
    "indoor":"0",
    "outdoor":"1",
    "person":37949,
    "full_address":"臺北市大安區台北市大安區新生南路二段1號"
    }
  },
  {
    "type": "Feature",
    "geometry": {
       "type": "Point",
       "coordinates":  [ 121.5457293,25.0206263 ]
    },
    "properties": {
    "id":126,
    "name":"臺北市大安運動中心",
    "city":"臺北市",
    "district":"大安區",
    "village":"臥龍里",
    "address":"辛亥路三段55號",
    "type":"體育場館/運動中心",
    "suit_for_flood":"1",
    "suit_for_mudflow":"0",
    "suit_for_earthquake":"1",
    "suit_for_tsunami":"0",
    "indoor":"1",
    "outdoor":"0",
    "person":389,
    "full_address":"臺北市大安區辛亥路三段55號"
    }
  },
  {
    "type": "Feature",
    "geometry": {
       "type": "Point",
       "coordinates":  [ 121.5426697,25.0317187 ]
    },
    "properties": {
    "id":127,
    "name":"臺北市立大安高級工業職業學校",
    "city":"臺北市",
    "district":"大安區",
    "village":"龍圖里",
    "address":"復興南路2段52號",
    "type":"學校",
    "suit_for_flood":"1",
    "suit_for_mudflow":"0",
    "suit_for_earthquake":"1",
    "suit_for_tsunami":"0",
    "indoor":"1",
    "outdoor":"0",
    "person":100,
    "full_address":"臺北市大安區復興南路2段52號"
    }
  },
  {
    "type": "Feature",
    "geometry": {
       "type": "Point",
       "coordinates":  [ 121.54625,25.0308602 ]
    },
    "properties": {
    "id":128,
    "name":"\n臺北市立大安國民中學",
    "city":"臺北市",
    "district":"大安區",
    "village":"龍雲里",
    "address":"臺北市大安區大安路二段63號",
    "type":"學校",
    "suit_for_flood":"0",
    "suit_for_mudflow":"0",
    "suit_for_earthquake":"1",
    "suit_for_tsunami":"0",
    "indoor":"1",
    "outdoor":"0",
    "person":100,
    "full_address":"臺北市大安區臺北市大安區大安路二段63號"
    }
  },
  {
    "type": "Feature",
    "geometry": {
       "type": "Point",
       "coordinates":  [ 121.5523976,25.0357908 ]
    },
    "properties": {
    "id":129,
    "name":"臺北市大安區仁愛國民小學",
    "city":"臺北市",
    "district":"大安區",
    "village":"敦安里",
    "address":"安和路一段60號",
    "type":"學校",
    "suit_for_flood":"0",
    "suit_for_mudflow":"0",
    "suit_for_earthquake":"1",
    "suit_for_tsunami":"0",
    "indoor":"1",
    "outdoor":"0",
    "person":350,
    "full_address":"臺北市大安區安和路一段60號"
    }
  },
  {
    "type": "Feature",
    "geometry": {
       "type": "Point",
       "coordinates":  [ 121.5493598,25.0384552 ]
    },
    "properties": {
    "id":130,
    "name":"臺北市立仁愛國民中學",
    "city":"臺北市",
    "district":"大安區",
    "village":"敦安里",
    "address":"仁愛路四段130號",
    "type":"學校",
    "suit_for_flood":"0",
    "suit_for_mudflow":"0",
    "suit_for_earthquake":"1",
    "suit_for_tsunami":"0",
    "indoor":"1",
    "outdoor":"0",
    "person":125,
    "full_address":"臺北市大安區仁愛路四段130號"
    }
  },
  {
    "type": "Feature",
    "geometry": {
       "type": "Point",
       "coordinates":  [ 121.5428766,25.0124117 ]
    },
    "properties": {
    "id":131,
    "name":"臺北市大安區公館國民小學",
    "city":"臺北市",
    "district":"大安區",
    "village":"學府里",
    "address":"基隆路四段41巷68弄2號",
    "type":"學校",
    "suit_for_flood":"0",
    "suit_for_mudflow":"0",
    "suit_for_earthquake":"1",
    "suit_for_tsunami":"0",
    "indoor":"1",
    "outdoor":"0",
    "person":50,
    "full_address":"臺北市大安區基隆路四段41巷68弄2號"
    }
  },
  {
    "type": "Feature",
    "geometry": {
       "type": "Point",
       "coordinates":  [ 121.5289138,25.0207484 ]
    },
    "properties": {
    "id":132,
    "name":"臺北市大安區古亭國民小學",
    "city":"臺北市",
    "district":"大安區",
    "village":"古風里",
    "address":"羅斯福路三段201號",
    "type":"學校",
    "suit_for_flood":"0",
    "suit_for_mudflow":"0",
    "suit_for_earthquake":"1",
    "suit_for_tsunami":"0",
    "indoor":"1",
    "outdoor":"0",
    "person":200,
    "full_address":"臺北市大安區羅斯福路三段201號"
    }
  },
  {
    "type": "Feature",
    "geometry": {
       "type": "Point",
       "coordinates":  [ 121.5491776,25.0196357 ]
    },
    "properties": {
    "id":133,
    "name":"臺北市立和平高級中學",
    "city":"臺北市",
    "district":"大安區",
    "village":"芳和里",
    "address":"臥龍街100號",
    "type":"學校",
    "suit_for_flood":"1",
    "suit_for_mudflow":"0",
    "suit_for_earthquake":"1",
    "suit_for_tsunami":"0",
    "indoor":"1",
    "outdoor":"0",
    "person":300,
    "full_address":"臺北市大安區臥龍街100號"
    }
  },
  {
    "type": "Feature",
    "geometry": {
       "type": "Point",
       "coordinates":  [ 121.5500876,25.0184451 ]
    },
    "properties": {
    "id":134,
    "name":"臺北市芳和實驗中學",
    "city":"臺北市",
    "district":"大安區",
    "village":"芳和里",
    "address":"臥龍街170號",
    "type":"學校",
    "suit_for_flood":"0",
    "suit_for_mudflow":"0",
    "suit_for_earthquake":"1",
    "suit_for_tsunami":"0",
    "indoor":"1",
    "outdoor":"0",
    "person":50,
    "full_address":"臺北市大安區臥龍街170號"
    }
  },
  {
    "type": "Feature",
    "geometry": {
       "type": "Point",
       "coordinates":  [ 121.5282124,25.0321592 ]
    },
    "properties": {
    "id":135,
    "name":"\n臺北市大安區金華國民小學",
    "city":"臺北市",
    "district":"大安區",
    "village":"永康里",
    "address":"愛國東路79巷11號",
    "type":"學校",
    "suit_for_flood":"0",
    "suit_for_mudflow":"0",
    "suit_for_earthquake":"1",
    "suit_for_tsunami":"0",
    "indoor":"1",
    "outdoor":"0",
    "person":84,
    "full_address":"臺北市大安區愛國東路79巷11號"
    }
  },
  {
    "type": "Feature",
    "geometry": {
       "type": "Point",
       "coordinates":  [ 121.5315141,25.0305742 ]
    },
    "properties": {
    "id":136,
    "name":"臺北市立金華國民中學",
    "city":"臺北市",
    "district":"大安區",
    "village":"福住里",
    "address":"新生南路二段32號",
    "type":"學校",
    "suit_for_flood":"0",
    "suit_for_mudflow":"0",
    "suit_for_earthquake":"1",
    "suit_for_tsunami":"0",
    "indoor":"1",
    "outdoor":"0",
    "person":300,
    "full_address":"臺北市大安區新生南路二段32號"
    }
  },
  {
    "type": "Feature",
    "geometry": {
       "type": "Point",
       "coordinates":  [ 121.5473476,25.0293768 ]
    },
    "properties": {
    "id":137,
    "name":"臺北市大安區建安國民小學",
    "city":"臺北市",
    "district":"大安區",
    "village":"龍雲里",
    "address":"大安路二段99號",
    "type":"學校",
    "suit_for_flood":"0",
    "suit_for_mudflow":"0",
    "suit_for_earthquake":"1",
    "suit_for_tsunami":"0",
    "indoor":"1",
    "outdoor":"0",
    "person":30,
    "full_address":"臺北市大安區大安路二段99號"
    }
  },
  {
    "type": "Feature",
    "geometry": {
       "type": "Point",
       "coordinates":  [ 121.5328812,25.0297555 ]
    },
    "properties": {
    "id":138,
    "name":"臺北市大安區新生國民小學",
    "city":"臺北市",
    "district":"大安區",
    "village":"龍安里",
    "address":"新生南路二段36號",
    "type":"學校",
    "suit_for_flood":"1",
    "suit_for_mudflow":"0",
    "suit_for_earthquake":"1",
    "suit_for_tsunami":"0",
    "indoor":"1",
    "outdoor":"0",
    "person":414,
    "full_address":"臺北市大安區新生南路二段36號"
    }
  },
  {
    "type": "Feature",
    "geometry": {
       "type": "Point",
       "coordinates":  [ 121.5356248,25.0140644 ]
    },
    "properties": {
    "id":139,
    "name":"臺北市大安區銘傳國民小學",
    "city":"臺北市",
    "district":"大安區",
    "village":"學府里",
    "address":"羅斯褔路四段21號",
    "type":"學校",
    "suit_for_flood":"0",
    "suit_for_mudflow":"0",
    "suit_for_earthquake":"1",
    "suit_for_tsunami":"0",
    "indoor":"1",
    "outdoor":"0",
    "person":161,
    "full_address":"臺北市大安區羅斯褔路四段21號"
    }
  },
  {
    "type": "Feature",
    "geometry": {
       "type": "Point",
       "coordinates":  [ 121.5348601,25.0238773 ]
    },
    "properties": {
    "id":140,
    "name":"台北市大安區龍安國民小學",
    "city":"臺北市",
    "district":"大安區",
    "village":"龍門里",
    "address":"新生南路三段33號",
    "type":"學校",
    "suit_for_flood":"1",
    "suit_for_mudflow":"0",
    "suit_for_earthquake":"1",
    "suit_for_tsunami":"0",
    "indoor":"1",
    "outdoor":"0",
    "person":31,
    "full_address":"臺北市大安區新生南路三段33號"
    }
  },
  {
    "type": "Feature",
    "geometry": {
       "type": "Point",
       "coordinates":  [ 121.5407648,25.0405277 ]
    },
    "properties": {
    "id":141,
    "name":"臺北市立懷生國民中學",
    "city":"臺北市",
    "district":"大安區",
    "village":"義村里",
    "address":"忠孝東路三段248巷30號",
    "type":"學校",
    "suit_for_flood":"1",
    "suit_for_mudflow":"0",
    "suit_for_earthquake":"1",
    "suit_for_tsunami":"0",
    "indoor":"1",
    "outdoor":"0",
    "person":167,
    "full_address":"臺北市大安區忠孝東路三段248巷30號"
    }
  },
  {
    "type": "Feature",
    "geometry": {
       "type": "Point",
       "coordinates":  [ 121.5423768,25.0332747 ]
    },
    "properties": {
    "id":142,
    "name":"大安站",
    "city":"臺北市",
    "district":"大安區",
    "village":"龍圖里",
    "address":"臺北市大安區信義路3段180號B1",
    "type":"捷運站體",
    "suit_for_flood":"1",
    "suit_for_mudflow":"0",
    "suit_for_earthquake":"0",
    "suit_for_tsunami":"0",
    "indoor":"1",
    "outdoor":"0",
    "person":969,
    "full_address":"臺北市大安區臺北市大安區信義路3段180號B1"
    }
  },
  {
    "type": "Feature",
    "geometry": {
       "type": "Point",
       "coordinates":  [ 121.5411758,25.0281925 ]
    },
    "properties": {
    "id":143,
    "name":"臺北市市場處安東市場地下停車場",
    "city":"臺北市",
    "district":"大安區",
    "village":"龍陣里",
    "address":"臺北市大安區瑞安街75號",
    "type":"市場/停車場",
    "suit_for_flood":"0",
    "suit_for_mudflow":"0",
    "suit_for_earthquake":"0",
    "suit_for_tsunami":"0",
    "indoor":"1",
    "outdoor":"0",
    "person":386,
    "full_address":"臺北市大安區臺北市大安區瑞安街75號"
    }
  },
  {
    "type": "Feature",
    "geometry": {
       "type": "Point",
       "coordinates":  [ 121.5334554,25.0420032 ]
    },
    "properties": {
    "id":144,
    "name":"忠孝復興站",
    "city":"臺北市",
    "district":"大安區",
    "village":"光武里",
    "address":"臺北市大安區忠孝東路4段47號",
    "type":"捷運站體",
    "suit_for_flood":"1",
    "suit_for_mudflow":"0",
    "suit_for_earthquake":"0",
    "suit_for_tsunami":"0",
    "indoor":"1",
    "outdoor":"0",
    "person":1420,
    "full_address":"臺北市大安區臺北市大安區忠孝東路4段47號"
    }
  },
  {
    "type": "Feature",
    "geometry": {
       "type": "Point",
       "coordinates":  [ 121.533229,25.0424777 ]
    },
    "properties": {
    "id":145,
    "name":"忠孝新生站",
    "city":"臺北市",
    "district":"大安區",
    "village":"民輝里",
    "address":"臺北市大安區新生南路1段67號",
    "type":"捷運站體",
    "suit_for_flood":"1",
    "suit_for_mudflow":"0",
    "suit_for_earthquake":"0",
    "suit_for_tsunami":"0",
    "indoor":"1",
    "outdoor":"0",
    "person":2803,
    "full_address":"臺北市大安區臺北市大安區新生南路1段67號"
    }
  },
  {
    "type": "Feature",
    "geometry": {
       "type": "Point",
       "coordinates":  [ 121.5292688,25.0336009 ]
    },
    "properties": {
    "id":146,
    "name":"東門站",
    "city":"臺北市",
    "district":"大安區",
    "village":"永康里",
    "address":"臺北市大安區信義路2段166號B1",
    "type":"捷運站體",
    "suit_for_flood":"1",
    "suit_for_mudflow":"0",
    "suit_for_earthquake":"0",
    "suit_for_tsunami":"0",
    "indoor":"1",
    "outdoor":"0",
    "person":1327,
    "full_address":"臺北市大安區臺北市大安區信義路2段166號B1"
    }
  },
  {
    "type": "Feature",
    "geometry": {
       "type": "Point",
       "coordinates":  [ 121.5463538,25.0419631 ]
    },
    "properties": {
    "id":147,
    "name":"東區地下街",
    "city":"臺北市",
    "district":"大安區",
    "village":"光武里",
    "address":"臺北市大安路一段77號B1",
    "type":"捷運站體",
    "suit_for_flood":"1",
    "suit_for_mudflow":"0",
    "suit_for_earthquake":"0",
    "suit_for_tsunami":"0",
    "indoor":"1",
    "outdoor":"0",
    "person":2625,
    "full_address":"臺北市大安區臺北市大安路一段77號B1"
    }
  },
  {
    "type": "Feature",
    "geometry": {
       "type": "Point",
       "coordinates":  [ 121.554486,25.043979 ]
    },
    "properties": {
    "id":148,
    "name":"臺北市市場處嘟嘟房大安全聯站停車場",
    "city":"臺北市",
    "district":"大安區",
    "village":"車層里",
    "address":"臺北市大安區市民大道4段190號地下一樓",
    "type":"市場/停車場",
    "suit_for_flood":"0",
    "suit_for_mudflow":"0",
    "suit_for_earthquake":"0",
    "suit_for_tsunami":"0",
    "indoor":"1",
    "outdoor":"0",
    "person":237,
    "full_address":"臺北市大安區臺北市大安區市民大道4段190號地下一樓"
    }
  },
  {
    "type": "Feature",
    "geometry": {
       "type": "Point",
       "coordinates":  [ 121.5229719,25.0267596 ]
    },
    "properties": {
    "id":149,
    "name":"臺北市市場處榮帝科技全聯大安北師店停車場",
    "city":"臺北市",
    "district":"大安區",
    "village":"富民里",
    "address":"台北市大安區和平東路2段311巷29號地下1樓",
    "type":"市場/停車場",
    "suit_for_flood":"0",
    "suit_for_mudflow":"0",
    "suit_for_earthquake":"0",
    "suit_for_tsunami":"0",
    "indoor":"1",
    "outdoor":"0",
    "person":76,
    "full_address":"臺北市大安區台北市大安區和平東路2段311巷29號地下1樓"
    }
  },
  {
    "type": "Feature",
    "geometry": {
       "type": "Point",
       "coordinates":  [ 121.544049,25.021577 ]
    },
    "properties": {
    "id":150,
    "name":"臺北市立圖書館道藩分館",
    "city":"臺北市",
    "district":"大安區",
    "village":"臥龍里",
    "address":"臺北市大安區辛亥路三段11號3樓",
    "type":"圖書館",
    "suit_for_flood":"1",
    "suit_for_mudflow":"0",
    "suit_for_earthquake":"0",
    "suit_for_tsunami":"0",
    "indoor":"1",
    "outdoor":"0",
    "person":32,
    "full_address":"臺北市大安區臺北市大安區辛亥路三段11號3樓"
    }
  },
  {
    "type": "Feature",
    "geometry": {
       "type": "Point",
       "coordinates":  [ 121.5384023,25.0291596 ]
    },
    "properties": {
    "id":151,
    "name":"臺北市立圖書館總館",
    "city":"臺北市",
    "district":"大安區",
    "village":"新龍里",
    "address":"臺北市大安區建國南路二段125號",
    "type":"圖書館",
    "suit_for_flood":"0",
    "suit_for_mudflow":"0",
    "suit_for_earthquake":"0",
    "suit_for_tsunami":"0",
    "indoor":"1",
    "outdoor":"0",
    "person":70,
    "full_address":"臺北市大安區臺北市大安區建國南路二段125號"
    }
  },
  {
    "type": "Feature",
    "geometry": {
       "type": "Point",
       "coordinates":  [ 121.5294774,25.0285171 ]
    },
    "properties": {
    "id":152,
    "name":"臺北市市場處錦安市場地下停車場",
    "city":"臺北市",
    "district":"大安區",
    "village":"錦安里",
    "address":"臺北市大安區永康街60號",
    "type":"市場/停車場",
    "suit_for_flood":"1",
    "suit_for_mudflow":"0",
    "suit_for_earthquake":"0",
    "suit_for_tsunami":"0",
    "indoor":"1",
    "outdoor":"0",
    "person":138,
    "full_address":"臺北市大安區臺北市大安區永康街60號"
    }
  },
  {
    "type": "Feature",
    "geometry": {
       "type": "Point",
       "coordinates":  [ 121.5047024,25.0359578 ]
    },
    "properties": {
    "id":153,
    "name":"臺北市立龍山國民中學",
    "city":"臺北市",
    "district":"萬華區",
    "village":"富福里",
    "address":"南寧路46號",
    "type":"學校",
    "suit_for_flood":"1",
    "suit_for_mudflow":"0",
    "suit_for_earthquake":"1",
    "suit_for_tsunami":"0",
    "indoor":"1",
    "outdoor":"0",
    "person":265,
    "full_address":"臺北市萬華區南寧路46號"
    }
  },
  {
    "type": "Feature",
    "geometry": {
       "type": "Point",
       "coordinates":  [ 121.4985878,25.0308183 ]
    },
    "properties": {
    "id":154,
    "name":"臺北市萬華區雙園國民小學",
    "city":"臺北市",
    "district":"萬華區",
    "village":"雙園里",
    "address":"莒光路315號",
    "type":"學校",
    "suit_for_flood":"1",
    "suit_for_mudflow":"0",
    "suit_for_earthquake":"1",
    "suit_for_tsunami":"0",
    "indoor":"1",
    "outdoor":"0",
    "person":123,
    "full_address":"臺北市萬華區莒光路315號"
    }
  },
  {
    "type": "Feature",
    "geometry": {
       "type": "Point",
       "coordinates":  [ 121.5033083,25.0259878 ]
    },
    "properties": {
    "id":155,
    "name":"臺北市萬華區新和國民小學",
    "city":"臺北市",
    "district":"萬華區",
    "village":"新安里",
    "address":"西藏路125巷31號",
    "type":"學校",
    "suit_for_flood":"0",
    "suit_for_mudflow":"0",
    "suit_for_earthquake":"1",
    "suit_for_tsunami":"0",
    "indoor":"1",
    "outdoor":"0",
    "person":79,
    "full_address":"臺北市萬華區西藏路125巷31號"
    }
  },
  {
    "type": "Feature",
    "geometry": {
       "type": "Point",
       "coordinates":  [ 121.5044189,25.0212555 ]
    },
    "properties": {
    "id":156,
    "name":"青年公園",
    "city":"臺北市",
    "district":"萬華區",
    "village":"騰雲里",
    "address":"水源路199號",
    "type":"公園/綠地",
    "suit_for_flood":"1",
    "suit_for_mudflow":"0",
    "suit_for_earthquake":"1",
    "suit_for_tsunami":"0",
    "indoor":"0",
    "outdoor":"1",
    "person":31449,
    "full_address":"臺北市萬華區水源路199號"
    }
  },
  {
    "type": "Feature",
    "geometry": {
       "type": "Point",
       "coordinates":  [ 121.5069298,25.0471243 ]
    },
    "properties": {
    "id":157,
    "name":"臺北市萬華運動中心",
    "city":"臺北市",
    "district":"萬華區",
    "village":"福星里",
    "address":"西寧南路6之1號",
    "type":"體育場館/運動中心",
    "suit_for_flood":"0",
    "suit_for_mudflow":"0",
    "suit_for_earthquake":"1",
    "suit_for_tsunami":"0",
    "indoor":"1",
    "outdoor":"0",
    "person":226,
    "full_address":"臺北市萬華區西寧南路6之1號"
    }
  },
  {
    "type": "Feature",
    "geometry": {
       "type": "Point",
       "coordinates":  [ 121.5044189,25.0212555 ]
    },
    "properties": {
    "id":158,
    "name":"青年公園棒球場",
    "city":"臺北市",
    "district":"萬華區",
    "village":"騰雲里",
    "address":"台北市萬華區水源路199號",
    "type":"體育場館/運動中心",
    "suit_for_flood":"1",
    "suit_for_mudflow":"0",
    "suit_for_earthquake":"1",
    "suit_for_tsunami":"0",
    "indoor":"0",
    "outdoor":"1",
    "person":60,
    "full_address":"臺北市萬華區台北市萬華區水源路199號"
    }
  },
  {
    "type": "Feature",
    "geometry": {
       "type": "Point",
       "coordinates":  [ 121.4914864,25.0305633 ]
    },
    "properties": {
    "id":159,
    "name":"臺北市立大理高級中學",
    "city":"臺北市",
    "district":"萬華區",
    "village":"綠堤里",
    "address":"長順街２號",
    "type":"學校",
    "suit_for_flood":"1",
    "suit_for_mudflow":"0",
    "suit_for_earthquake":"1",
    "suit_for_tsunami":"0",
    "indoor":"1",
    "outdoor":"0",
    "person":300,
    "full_address":"臺北市萬華區長順街２號"
    }
  },
  {
    "type": "Feature",
    "geometry": {
       "type": "Point",
       "coordinates":  [ 121.4928613,25.0312993 ]
    },
    "properties": {
    "id":160,
    "name":"臺北市萬華區大理國民小學",
    "city":"臺北市",
    "district":"萬華區",
    "village":"綠堤里",
    "address":"艋舺大道389號",
    "type":"學校",
    "suit_for_flood":"1",
    "suit_for_mudflow":"0",
    "suit_for_earthquake":"1",
    "suit_for_tsunami":"0",
    "indoor":"1",
    "outdoor":"0",
    "person":80,
    "full_address":"臺北市萬華區艋舺大道389號"
    }
  },
  {
    "type": "Feature",
    "geometry": {
       "type": "Point",
       "coordinates":  [ 121.502562,25.0377541 ]
    },
    "properties": {
    "id":161,
    "name":"臺北市萬華區老松國民小學",
    "city":"臺北市",
    "district":"萬華區",
    "village":"福音里",
    "address":"桂林路64號",
    "type":"學校",
    "suit_for_flood":"1",
    "suit_for_mudflow":"0",
    "suit_for_earthquake":"1",
    "suit_for_tsunami":"0",
    "indoor":"1",
    "outdoor":"0",
    "person":231,
    "full_address":"臺北市萬華區桂林路64號"
    }
  },
  {
    "type": "Feature",
    "geometry": {
       "type": "Point",
       "coordinates":  [ 121.503981,25.0425653 ]
    },
    "properties": {
    "id":162,
    "name":"臺北市萬華區西門國民小學",
    "city":"臺北市",
    "district":"萬華區",
    "village":"西門里",
    "address":"成都路98號",
    "type":"學校",
    "suit_for_flood":"1",
    "suit_for_mudflow":"0",
    "suit_for_earthquake":"1",
    "suit_for_tsunami":"0",
    "indoor":"1",
    "outdoor":"0",
    "person":149,
    "full_address":"臺北市萬華區成都路98號"
    }
  },
  {
    "type": "Feature",
    "geometry": {
       "type": "Point",
       "coordinates":  [ 121.4989116,25.0268778 ]
    },
    "properties": {
    "id":163,
    "name":"臺北市萬華區西園國民小學",
    "city":"臺北市",
    "district":"萬華區",
    "village":"日善里",
    "address":"東園街73巷65號",
    "type":"學校",
    "suit_for_flood":"1",
    "suit_for_mudflow":"0",
    "suit_for_earthquake":"1",
    "suit_for_tsunami":"0",
    "indoor":"1",
    "outdoor":"0",
    "person":203,
    "full_address":"臺北市萬華區東園街73巷65號"
    }
  },
  {
    "type": "Feature",
    "geometry": {
       "type": "Point",
       "coordinates":  [ 121.4965906,25.028032 ]
    },
    "properties": {
    "id":164,
    "name":"臺北市立華江高級中學",
    "city":"臺北市",
    "district":"萬華區",
    "village":"日善里",
    "address":"西藏路213號",
    "type":"學校",
    "suit_for_flood":"1",
    "suit_for_mudflow":"0",
    "suit_for_earthquake":"1",
    "suit_for_tsunami":"0",
    "indoor":"1",
    "outdoor":"0",
    "person":300,
    "full_address":"臺北市萬華區西藏路213號"
    }
  },
  {
    "type": "Feature",
    "geometry": {
       "type": "Point",
       "coordinates":  [ 121.4914457,25.0341221 ]
    },
    "properties": {
    "id":165,
    "name":"臺北市萬華區華江國民小學",
    "city":"臺北市",
    "district":"萬華區",
    "village":"華江里",
    "address":"環河南路二段250巷42弄2號",
    "type":"學校",
    "suit_for_flood":"1",
    "suit_for_mudflow":"0",
    "suit_for_earthquake":"1",
    "suit_for_tsunami":"0",
    "indoor":"1",
    "outdoor":"0",
    "person":107,
    "full_address":"臺北市萬華區環河南路二段250巷42弄2號"
    }
  },
  {
    "type": "Feature",
    "geometry": {
       "type": "Point",
       "coordinates":  [ 121.4989208,25.0239266 ]
    },
    "properties": {
    "id":166,
    "name":"臺北市萬華區萬大國民小學",
    "city":"臺北市",
    "district":"萬華區",
    "village":"全德里",
    "address":"萬大路346號",
    "type":"學校",
    "suit_for_flood":"1",
    "suit_for_mudflow":"0",
    "suit_for_earthquake":"1",
    "suit_for_tsunami":"0",
    "indoor":"1",
    "outdoor":"0",
    "person":60,
    "full_address":"臺北市萬華區萬大路346號"
    }
  },
  {
    "type": "Feature",
    "geometry": {
       "type": "Point",
       "coordinates":  [ 121.4991888,25.0276236 ]
    },
    "properties": {
    "id":167,
    "name":"臺北市立萬華國民中學",
    "city":"臺北市",
    "district":"萬華區",
    "village":"日善里",
    "address":"西藏路201號",
    "type":"學校",
    "suit_for_flood":"1",
    "suit_for_mudflow":"0",
    "suit_for_earthquake":"1",
    "suit_for_tsunami":"0",
    "indoor":"1",
    "outdoor":"0",
    "person":50,
    "full_address":"臺北市萬華區西藏路201號"
    }
  },
  {
    "type": "Feature",
    "geometry": {
       "type": "Point",
       "coordinates":  [ 121.5086742,25.0469706 ]
    },
    "properties": {
    "id":168,
    "name":"臺北市萬華區福星國民小學",
    "city":"臺北市",
    "district":"萬華區",
    "village":"福星里",
    "address":"中華路一段66號",
    "type":"學校",
    "suit_for_flood":"0",
    "suit_for_mudflow":"0",
    "suit_for_earthquake":"1",
    "suit_for_tsunami":"0",
    "indoor":"1",
    "outdoor":"0",
    "person":50,
    "full_address":"臺北市萬華區中華路一段66號"
    }
  },
  {
    "type": "Feature",
    "geometry": {
       "type": "Point",
       "coordinates":  [ 121.4958359,25.0356553 ]
    },
    "properties": {
    "id":169,
    "name":"臺北市萬華區龍山國民小學",
    "city":"臺北市",
    "district":"萬華區",
    "village":"青山里",
    "address":"和平西路三段235號",
    "type":"學校",
    "suit_for_flood":"1",
    "suit_for_mudflow":"0",
    "suit_for_earthquake":"1",
    "suit_for_tsunami":"0",
    "indoor":"1",
    "outdoor":"0",
    "person":150,
    "full_address":"臺北市萬華區和平西路三段235號"
    }
  },
  {
    "type": "Feature",
    "geometry": {
       "type": "Point",
       "coordinates":  [ 121.4917883,25.0266844 ]
    },
    "properties": {
    "id":170,
    "name":"臺北市立雙園國民中學",
    "city":"臺北市",
    "district":"萬華區",
    "village":"和德里",
    "address":"興義街二號",
    "type":"學校",
    "suit_for_flood":"0",
    "suit_for_mudflow":"0",
    "suit_for_earthquake":"1",
    "suit_for_tsunami":"0",
    "indoor":"1",
    "outdoor":"0",
    "person":210,
    "full_address":"臺北市萬華區興義街二號"
    }
  },
  {
    "type": "Feature",
    "geometry": {
       "type": "Point",
       "coordinates":  [ 121.4894127,25.0301535 ]
    },
    "properties": {
    "id":171,
    "name":"臺北市市場處臺北市家禽批發市場",
    "city":"臺北市",
    "district":"萬華區",
    "village":"華江里",
    "address":"臺北市萬華區環河南路二段338號",
    "type":"市場/停車場",
    "suit_for_flood":"1",
    "suit_for_mudflow":"0",
    "suit_for_earthquake":"0",
    "suit_for_tsunami":"0",
    "indoor":"1",
    "outdoor":"0",
    "person":1528,
    "full_address":"臺北市萬華區臺北市萬華區環河南路二段338號"
    }
  },
  {
    "type": "Feature",
    "geometry": {
       "type": "Point",
       "coordinates":  [ 121.5088024,25.0438886 ]
    },
    "properties": {
    "id":172,
    "name":"西門地下街",
    "city":"臺北市",
    "district":"萬華區",
    "village":"光復里",
    "address":"臺北市中華路一段51-1號B1",
    "type":"捷運站體",
    "suit_for_flood":"0",
    "suit_for_mudflow":"0",
    "suit_for_earthquake":"0",
    "suit_for_tsunami":"0",
    "indoor":"1",
    "outdoor":"0",
    "person":770,
    "full_address":"臺北市萬華區臺北市中華路一段51-1號B1"
    }
  },
  {
    "type": "Feature",
    "geometry": {
       "type": "Point",
       "coordinates":  [ 121.5069692,25.0479004 ]
    },
    "properties": {
    "id":173,
    "name":"臺北市市場處西寧市場地下停車場",
    "city":"臺北市",
    "district":"萬華區",
    "village":"福星里",
    "address":"臺北市萬華區西寧南路4號B1",
    "type":"市場/停車場",
    "suit_for_flood":"0",
    "suit_for_mudflow":"0",
    "suit_for_earthquake":"0",
    "suit_for_tsunami":"0",
    "indoor":"1",
    "outdoor":"0",
    "person":505,
    "full_address":"臺北市萬華區臺北市萬華區西寧南路4號B1"
    }
  },
  {
    "type": "Feature",
    "geometry": {
       "type": "Point",
       "coordinates":  [ 121.5017135,25.0321785 ]
    },
    "properties": {
    "id":174,
    "name":"臺北市立圖書館西園分館",
    "city":"臺北市",
    "district":"萬華區",
    "village":"頂碩里",
    "address":"臺北市萬華區興寧街6號3-6樓",
    "type":"圖書館",
    "suit_for_flood":"1",
    "suit_for_mudflow":"0",
    "suit_for_earthquake":"0",
    "suit_for_tsunami":"0",
    "indoor":"1",
    "outdoor":"0",
    "person":40,
    "full_address":"臺北市萬華區臺北市萬華區興寧街6號3-6樓"
    }
  },
  {
    "type": "Feature",
    "geometry": {
       "type": "Point",
       "coordinates":  [ 121.4957664,25.0277082 ]
    },
    "properties": {
    "id":175,
    "name":"臺北市立圖書館萬華分館",
    "city":"臺北市",
    "district":"萬華區",
    "village":"日善里",
    "address":"臺北市萬華區東園街19號5-7樓",
    "type":"圖書館",
    "suit_for_flood":"1",
    "suit_for_mudflow":"0",
    "suit_for_earthquake":"0",
    "suit_for_tsunami":"0",
    "indoor":"1",
    "outdoor":"0",
    "person":30,
    "full_address":"臺北市萬華區臺北市萬華區東園街19號5-7樓"
    }
  },
  {
    "type": "Feature",
    "geometry": {
       "type": "Point",
       "coordinates":  [ 121.500261,25.0360914 ]
    },
    "properties": {
    "id":176,
    "name":"臺北市市場處龍山寺地下街",
    "city":"臺北市",
    "district":"萬華區",
    "village":"糖廍里",
    "address":"臺北市萬華區西園路一段145號B2",
    "type":"市場/停車場",
    "suit_for_flood":"1",
    "suit_for_mudflow":"0",
    "suit_for_earthquake":"0",
    "suit_for_tsunami":"0",
    "indoor":"1",
    "outdoor":"0",
    "person":6050,
    "full_address":"臺北市萬華區臺北市萬華區西園路一段145號B2"
    }
  },
  {
    "type": "Feature",
    "geometry": {
       "type": "Point",
       "coordinates":  [ 121.4894127,25.0301535 ]
    },
    "properties": {
    "id":177,
    "name":"臺北市市場處環南中繼市場停車場",
    "city":"臺北市",
    "district":"萬華區",
    "village":"綠堤里",
    "address":"環河南路二段338號4樓-5樓",
    "type":"市場/停車場",
    "suit_for_flood":"1",
    "suit_for_mudflow":"0",
    "suit_for_earthquake":"0",
    "suit_for_tsunami":"0",
    "indoor":"1",
    "outdoor":"0",
    "person":7951,
    "full_address":"臺北市萬華區環河南路二段338號4樓-5樓"
    }
  },
  {
    "type": "Feature",
    "geometry": {
       "type": "Point",
       "coordinates":  [ 121.5708147,25.0358074 ]
    },
    "properties": {
    "id":178,
    "name":"臺北市信義區博愛國民小學",
    "city":"臺北市",
    "district":"信義區",
    "village":"安康里",
    "address":"松仁路95巷20號",
    "type":"學校",
    "suit_for_flood":"0",
    "suit_for_mudflow":"0",
    "suit_for_earthquake":"1",
    "suit_for_tsunami":"0",
    "indoor":"1",
    "outdoor":"0",
    "person":156,
    "full_address":"臺北市信義區松仁路95巷20號"
    }
  },
  {
    "type": "Feature",
    "geometry": {
       "type": "Point",
       "coordinates":  [ 121.5678611,25.025376 ]
    },
    "properties": {
    "id":179,
    "name":"臺北市信義區吳興國民小學",
    "city":"臺北市",
    "district":"信義區",
    "village":"三張里",
    "address":"松仁路226號",
    "type":"學校",
    "suit_for_flood":"1",
    "suit_for_mudflow":"1",
    "suit_for_earthquake":"1",
    "suit_for_tsunami":"0",
    "indoor":"1",
    "outdoor":"0",
    "person":141,
    "full_address":"臺北市信義區松仁路226號"
    }
  },
  {
    "type": "Feature",
    "geometry": {
       "type": "Point",
       "coordinates":  [ 121.5675836,25.0286896 ]
    },
    "properties": {
    "id":180,
    "name":"臺北市立信義國民中學",
    "city":"臺北市",
    "district":"信義區",
    "village":"三張里",
    "address":"松仁路158巷1號",
    "type":"學校",
    "suit_for_flood":"0",
    "suit_for_mudflow":"0",
    "suit_for_earthquake":"1",
    "suit_for_tsunami":"0",
    "indoor":"1",
    "outdoor":"0",
    "person":206,
    "full_address":"臺北市信義區松仁路158巷1號"
    }
  },
  {
    "type": "Feature",
    "geometry": {
       "type": "Point",
       "coordinates":  [ 121.5722627,25.0356457 ]
    },
    "properties": {
    "id":181,
    "name":"臺北市立興雅國民中學",
    "city":"臺北市",
    "district":"信義區",
    "village":"安康里",
    "address":"松德路168巷15號",
    "type":"學校",
    "suit_for_flood":"0",
    "suit_for_mudflow":"0",
    "suit_for_earthquake":"1",
    "suit_for_tsunami":"0",
    "indoor":"1",
    "outdoor":"0",
    "person":251,
    "full_address":"臺北市信義區松德路168巷15號"
    }
  },
  {
    "type": "Feature",
    "geometry": {
       "type": "Point",
       "coordinates":  [ 121.5630452,25.0309852 ]
    },
    "properties": {
    "id":182,
    "name":"臺北市信義區信義國民小學",
    "city":"臺北市",
    "district":"信義區",
    "village":"景新里",
    "address":"松勤街60號",
    "type":"學校",
    "suit_for_flood":"0",
    "suit_for_mudflow":"0",
    "suit_for_earthquake":"1",
    "suit_for_tsunami":"0",
    "indoor":"1",
    "outdoor":"0",
    "person":164,
    "full_address":"臺北市信義區松勤街60號"
    }
  },
  {
    "type": "Feature",
    "geometry": {
       "type": "Point",
       "coordinates":  [ 121.5722586,25.035644 ]
    },
    "properties": {
    "id":183,
    "name":"松德公園",
    "city":"臺北市",
    "district":"信義區",
    "village":"安康里",
    "address":"松德路180巷興雅國中東側",
    "type":"公園/綠地",
    "suit_for_flood":"0",
    "suit_for_mudflow":"0",
    "suit_for_earthquake":"1",
    "suit_for_tsunami":"0",
    "indoor":"0",
    "outdoor":"1",
    "person":1340,
    "full_address":"臺北市信義區松德路180巷興雅國中東側"
    }
  },
  {
    "type": "Feature",
    "geometry": {
       "type": "Point",
       "coordinates":  [ 121.5625234,25.0323152 ]
    },
    "properties": {
    "id":184,
    "name":"臺北市信義運動中心",
    "city":"臺北市",
    "district":"信義區",
    "village":"三張里",
    "address":"松勤路100號",
    "type":"圖書館",
    "suit_for_flood":"0",
    "suit_for_mudflow":"0",
    "suit_for_earthquake":"1",
    "suit_for_tsunami":"0",
    "indoor":"1",
    "outdoor":"0",
    "person":200,
    "full_address":"臺北市信義區松勤路100號"
    }
  },
  {
    "type": "Feature",
    "geometry": {
       "type": "Point",
       "coordinates":  [ 121.5589102,25.0295456 ]
    },
    "properties": {
    "id":185,
    "name":"臺北市信義區三興國民小學",
    "city":"臺北市",
    "district":"信義區",
    "village":"景聯里",
    "address":"基隆路2段99號",
    "type":"學校",
    "suit_for_flood":"1",
    "suit_for_mudflow":"0",
    "suit_for_earthquake":"1",
    "suit_for_tsunami":"0",
    "indoor":"1",
    "outdoor":"0",
    "person":77,
    "full_address":"臺北市信義區基隆路2段99號"
    }
  },
  {
    "type": "Feature",
    "geometry": {
       "type": "Point",
       "coordinates":  [ 121.5793559,25.0431301 ]
    },
    "properties": {
    "id":186,
    "name":"臺北市信義區雙永國民小學",
    "city":"臺北市",
    "district":"信義區",
    "village":"永春里",
    "address":"松山路287巷5號",
    "type":"學校",
    "suit_for_flood":"0",
    "suit_for_mudflow":"0",
    "suit_for_earthquake":"1",
    "suit_for_tsunami":"0",
    "indoor":"1",
    "outdoor":"0",
    "person":116,
    "full_address":"臺北市信義區松山路287巷5號"
    }
  },
  {
    "type": "Feature",
    "geometry": {
       "type": "Point",
       "coordinates":  [ 121.5730102,25.0477826 ]
    },
    "properties": {
    "id":187,
    "name":"臺北市立永吉國民中學\n",
    "city":"臺北市",
    "district":"信義區",
    "village":"四育里",
    "address":"松隆路161號",
    "type":"學校",
    "suit_for_flood":"0",
    "suit_for_mudflow":"0",
    "suit_for_earthquake":"1",
    "suit_for_tsunami":"0",
    "indoor":"1",
    "outdoor":"0",
    "person":97,
    "full_address":"臺北市信義區松隆路161號"
    }
  },
  {
    "type": "Feature",
    "geometry": {
       "type": "Point",
       "coordinates":  [ 121.5783403,25.0341218 ]
    },
    "properties": {
    "id":188,
    "name":"臺北市立永春高級中學",
    "city":"臺北市",
    "district":"信義區",
    "village":"松隆里",
    "address":"松山路654號",
    "type":"學校",
    "suit_for_flood":"0",
    "suit_for_mudflow":"0",
    "suit_for_earthquake":"1",
    "suit_for_tsunami":"0",
    "indoor":"1",
    "outdoor":"0",
    "person":300,
    "full_address":"臺北市信義區松山路654號"
    }
  },
  {
    "type": "Feature",
    "geometry": {
       "type": "Point",
       "coordinates":  [ 121.5793559,25.0431301 ]
    },
    "properties": {
    "id":189,
    "name":"臺北市信義區雙永國民小學",
    "city":"臺北市",
    "district":"信義區",
    "village":"永春里",
    "address":"松山路287巷5號",
    "type":"學校",
    "suit_for_flood":"0",
    "suit_for_mudflow":"0",
    "suit_for_earthquake":"1",
    "suit_for_tsunami":"0",
    "indoor":"1",
    "outdoor":"0",
    "person":115,
    "full_address":"臺北市信義區松山路287巷5號"
    }
  },
  {
    "type": "Feature",
    "geometry": {
       "type": "Point",
       "coordinates":  [ 121.5578634,25.0398975 ]
    },
    "properties": {
    "id":190,
    "name":"臺北市信義區光復國民小學",
    "city":"臺北市",
    "district":"信義區",
    "village":"興隆里",
    "address":"光復南路271號",
    "type":"學校",
    "suit_for_flood":"0",
    "suit_for_mudflow":"0",
    "suit_for_earthquake":"1",
    "suit_for_tsunami":"0",
    "indoor":"1",
    "outdoor":"0",
    "person":80,
    "full_address":"臺北市信義區光復南路271號"
    }
  },
  {
    "type": "Feature",
    "geometry": {
       "type": "Point",
       "coordinates":  [ 121.5726099,25.0398569 ]
    },
    "properties": {
    "id":191,
    "name":"臺北市立松山高級工農職業學校",
    "city":"臺北市",
    "district":"信義區",
    "village":"廣居里",
    "address":"忠孝東路五段236巷15號",
    "type":"學校",
    "suit_for_flood":"0",
    "suit_for_mudflow":"0",
    "suit_for_earthquake":"1",
    "suit_for_tsunami":"0",
    "indoor":"1",
    "outdoor":"0",
    "person":333,
    "full_address":"臺北市信義區忠孝東路五段236巷15號"
    }
  },
  {
    "type": "Feature",
    "geometry": {
       "type": "Point",
       "coordinates":  [ 121.5801398,25.0353224 ]
    },
    "properties": {
    "id":192,
    "name":"臺北市立松山高級商業家事職業學校",
    "city":"臺北市",
    "district":"信義區",
    "village":"松隆里",
    "address":"松山路655號",
    "type":"學校",
    "suit_for_flood":"0",
    "suit_for_mudflow":"0",
    "suit_for_earthquake":"1",
    "suit_for_tsunami":"0",
    "indoor":"1",
    "outdoor":"0",
    "person":116,
    "full_address":"臺北市信義區松山路655號"
    }
  },
  {
    "type": "Feature",
    "geometry": {
       "type": "Point",
       "coordinates":  [ 121.565387,25.0435047 ]
    },
    "properties": {
    "id":193,
    "name":"臺北市立松山高級中學",
    "city":"臺北市",
    "district":"信義區",
    "village":"新仁里",
    "address":"基隆路一段156號",
    "type":"學校",
    "suit_for_flood":"1",
    "suit_for_mudflow":"0",
    "suit_for_earthquake":"1",
    "suit_for_tsunami":"0",
    "indoor":"1",
    "outdoor":"0",
    "person":300,
    "full_address":"臺北市信義區基隆路一段156號"
    }
  },
  {
    "type": "Feature",
    "geometry": {
       "type": "Point",
       "coordinates":  [ 121.5856981,25.0370482 ]
    },
    "properties": {
    "id":194,
    "name":"臺北市立瑠公國民中學",
    "city":"臺北市",
    "district":"信義區",
    "village":"中行里",
    "address":"福德街221巷15號",
    "type":"學校",
    "suit_for_flood":"0",
    "suit_for_mudflow":"0",
    "suit_for_earthquake":"1",
    "suit_for_tsunami":"0",
    "indoor":"1",
    "outdoor":"0",
    "person":100,
    "full_address":"臺北市信義區福德街221巷15號"
    }
  },
  {
    "type": "Feature",
    "geometry": {
       "type": "Point",
       "coordinates":  [ 121.5867937,25.0385822 ]
    },
    "properties": {
    "id":195,
    "name":"臺北市信義區福德國民小學",
    "city":"臺北市",
    "district":"信義區",
    "village":"中行里",
    "address":"福德街253號",
    "type":"學校",
    "suit_for_flood":"0",
    "suit_for_mudflow":"0",
    "suit_for_earthquake":"1",
    "suit_for_tsunami":"0",
    "indoor":"1",
    "outdoor":"0",
    "person":105,
    "full_address":"臺北市信義區福德街253號"
    }
  },
  {
    "type": "Feature",
    "geometry": {
       "type": "Point",
       "coordinates":  [ 121.5701196,25.0466379 ]
    },
    "properties": {
    "id":196,
    "name":"臺北市信義區興雅國民小學",
    "city":"臺北市",
    "district":"信義區",
    "village":"雅祥里",
    "address":"基隆路一段83巷9號",
    "type":"學校",
    "suit_for_flood":"0",
    "suit_for_mudflow":"0",
    "suit_for_earthquake":"1",
    "suit_for_tsunami":"0",
    "indoor":"1",
    "outdoor":"0",
    "person":198,
    "full_address":"臺北市信義區基隆路一段83巷9號"
    }
  },
  {
    "type": "Feature",
    "geometry": {
       "type": "Point",
       "coordinates":  [ 121.5611665,25.0266243 ]
    },
    "properties": {
    "id":197,
    "name":"景勤1號公園",
    "city":"臺北市",
    "district":"信義區",
    "village":"景勤里",
    "address":"吳興街220巷59弄旁(陸軍保養廠)",
    "type":"公園/綠地",
    "suit_for_flood":"0",
    "suit_for_mudflow":"0",
    "suit_for_earthquake":"1",
    "suit_for_tsunami":"0",
    "indoor":"0",
    "outdoor":"1",
    "person":942,
    "full_address":"臺北市信義區吳興街220巷59弄旁(陸軍保養廠)"
    }
  },
  {
    "type": "Feature",
    "geometry": {
       "type": "Point",
       "coordinates":  [ 121.5565685,25.0254023 ]
    },
    "properties": {
    "id":198,
    "name":"景勤2號公園",
    "city":"臺北市",
    "district":"信義區",
    "village":"景勤里",
    "address":"信安街、吳興街220巷交口",
    "type":"公園/綠地",
    "suit_for_flood":"1",
    "suit_for_mudflow":"0",
    "suit_for_earthquake":"1",
    "suit_for_tsunami":"0",
    "indoor":"0",
    "outdoor":"1",
    "person":1023,
    "full_address":"臺北市信義區信安街、吳興街220巷交口"
    }
  },
  {
    "type": "Feature",
    "geometry": {
       "type": "Point",
       "coordinates":  [ 121.5609851,25.0290755 ]
    },
    "properties": {
    "id":199,
    "name":"三興市場大樓地下停車場",
    "city":"臺北市",
    "district":"信義區",
    "village":"景勤里",
    "address":"臺北市信義區吳興街156巷6號B1、B2",
    "type":"市場/停車場",
    "suit_for_flood":"0",
    "suit_for_mudflow":"0",
    "suit_for_earthquake":"0",
    "suit_for_tsunami":"0",
    "indoor":"1",
    "outdoor":"0",
    "person":504,
    "full_address":"臺北市信義區臺北市信義區吳興街156巷6號B1、B2"
    }
  },
  {
    "type": "Feature",
    "geometry": {
       "type": "Point",
       "coordinates":  [ 121.5652968,25.0406521 ]
    },
    "properties": {
    "id":200,
    "name":"市府轉運站",
    "city":"臺北市",
    "district":"信義區",
    "village":"興雅里",
    "address":"臺北市信義區忠孝東路5段6號",
    "type":"捷運站體",
    "suit_for_flood":"0",
    "suit_for_mudflow":"0",
    "suit_for_earthquake":"0",
    "suit_for_tsunami":"0",
    "indoor":"1",
    "outdoor":"0",
    "person":8248,
    "full_address":"臺北市信義區臺北市信義區忠孝東路5段6號"
    }
  },
  {
    "type": "Feature",
    "geometry": {
       "type": "Point",
       "coordinates":  [ 121.5675285,25.0433306 ]
    },
    "properties": {
    "id":201,
    "name":"臺北市市場處全聯松山松興店地下二樓停車場",
    "city":"臺北市",
    "district":"信義區",
    "village":"興雅里",
    "address":"臺北市信義區松隆路36號地下二樓",
    "type":"市場/停車場",
    "suit_for_flood":"1",
    "suit_for_mudflow":"0",
    "suit_for_earthquake":"0",
    "suit_for_tsunami":"0",
    "indoor":"1",
    "outdoor":"0",
    "person":177,
    "full_address":"臺北市信義區臺北市信義區松隆路36號地下二樓"
    }
  },
  {
    "type": "Feature",
    "geometry": {
       "type": "Point",
       "coordinates":  [ 121.5688427,25.024319 ]
    },
    "properties": {
    "id":202,
    "name":"臺北市立圖書館六合分館",
    "city":"臺北市",
    "district":"信義區",
    "village":"六合里",
    "address":"臺北市信義區松仁路240巷19號3-5樓",
    "type":"圖書館",
    "suit_for_flood":"1",
    "suit_for_mudflow":"0",
    "suit_for_earthquake":"0",
    "suit_for_tsunami":"0",
    "indoor":"1",
    "outdoor":"0",
    "person":46,
    "full_address":"臺北市信義區臺北市信義區松仁路240巷19號3-5樓"
    }
  },
  {
    "type": "Feature",
    "geometry": {
       "type": "Point",
       "coordinates":  [ 121.5774477,25.0431291 ]
    },
    "properties": {
    "id":203,
    "name":"臺北市立圖書館永春分館",
    "city":"臺北市",
    "district":"信義區",
    "village":"長春里",
    "address":"臺北市信義區松山路294號3-4樓",
    "type":"圖書館",
    "suit_for_flood":"0",
    "suit_for_mudflow":"0",
    "suit_for_earthquake":"0",
    "suit_for_tsunami":"0",
    "indoor":"1",
    "outdoor":"0",
    "person":76,
    "full_address":"臺北市信義區臺北市信義區松山路294號3-4樓"
    }
  },
  {
    "type": "Feature",
    "geometry": {
       "type": "Point",
       "coordinates":  [ 121.5028742,25.0902432 ]
    },
    "properties": {
    "id":204,
    "name":"臺北市士林區社子國民小學",
    "city":"臺北市",
    "district":"士林區",
    "village":"永倫里",
    "address":"延平北路六段308號",
    "type":"學校",
    "suit_for_flood":"1",
    "suit_for_mudflow":"0",
    "suit_for_earthquake":"1",
    "suit_for_tsunami":"0",
    "indoor":"1",
    "outdoor":"0",
    "person":160,
    "full_address":"臺北市士林區延平北路六段308號"
    }
  },
  {
    "type": "Feature",
    "geometry": {
       "type": "Point",
       "coordinates":  [ 121.5555851,25.1036391 ]
    },
    "properties": {
    "id":205,
    "name":"臺北市立至善國民中學",
    "city":"臺北市",
    "district":"士林區",
    "village":"臨溪里",
    "address":"至善路二段360號",
    "type":"學校",
    "suit_for_flood":"0",
    "suit_for_mudflow":"0",
    "suit_for_earthquake":"1",
    "suit_for_tsunami":"0",
    "indoor":"1",
    "outdoor":"0",
    "person":157,
    "full_address":"臺北市士林區至善路二段360號"
    }
  },
  {
    "type": "Feature",
    "geometry": {
       "type": "Point",
       "coordinates":  [ 121.5300421,25.0979337 ]
    },
    "properties": {
    "id":206,
    "name":"臺北市士林區福林國民小學",
    "city":"臺北市",
    "district":"士林區",
    "village":"福志里",
    "address":"福志路75號",
    "type":"學校",
    "suit_for_flood":"0",
    "suit_for_mudflow":"0",
    "suit_for_earthquake":"1",
    "suit_for_tsunami":"0",
    "indoor":"1",
    "outdoor":"0",
    "person":168,
    "full_address":"臺北市士林區福志路75號"
    }
  },
  {
    "type": "Feature",
    "geometry": {
       "type": "Point",
       "coordinates":  [ 121.5248232,25.0924085 ]
    },
    "properties": {
    "id":207,
    "name":"臺北市士林區士林國民小學",
    "city":"臺北市",
    "district":"士林區",
    "village":"福德里",
    "address":"大東路165號",
    "type":"學校",
    "suit_for_flood":"0",
    "suit_for_mudflow":"0",
    "suit_for_earthquake":"1",
    "suit_for_tsunami":"0",
    "indoor":"1",
    "outdoor":"0",
    "person":219,
    "full_address":"臺北市士林區大東路165號"
    }
  },
  {
    "type": "Feature",
    "geometry": {
       "type": "Point",
       "coordinates":  [ 121.552521,25.1198139 ]
    },
    "properties": {
    "id":208,
    "name":"臺北市士林區陽明山國民小學",
    "city":"臺北市",
    "district":"士林區",
    "village":"新安里",
    "address":"仰德大道三段61號",
    "type":"學校",
    "suit_for_flood":"0",
    "suit_for_mudflow":"1",
    "suit_for_earthquake":"1",
    "suit_for_tsunami":"0",
    "indoor":"1",
    "outdoor":"0",
    "person":50,
    "full_address":"臺北市士林區仰德大道三段61號"
    }
  },
  {
    "type": "Feature",
    "geometry": {
       "type": "Point",
       "coordinates":  [ 121.5796593,25.1200028 ]
    },
    "properties": {
    "id":209,
    "name":"臺北市溪山實驗國民小學",
    "city":"臺北市",
    "district":"士林區",
    "village":"溪山里",
    "address":"至善路三段199號",
    "type":"學校",
    "suit_for_flood":"0",
    "suit_for_mudflow":"1",
    "suit_for_earthquake":"1",
    "suit_for_tsunami":"0",
    "indoor":"1",
    "outdoor":"0",
    "person":50,
    "full_address":"臺北市士林區至善路三段199號"
    }
  },
  {
    "type": "Feature",
    "geometry": {
       "type": "Point",
       "coordinates":  [ 121.5324005,25.0930329 ]
    },
    "properties": {
    "id":210,
    "name":"士林官邸公園",
    "city":"臺北市",
    "district":"士林區",
    "village":"福林里",
    "address":"福林路60號",
    "type":"公園/綠地",
    "suit_for_flood":"0",
    "suit_for_mudflow":"0",
    "suit_for_earthquake":"1",
    "suit_for_tsunami":"0",
    "indoor":"0",
    "outdoor":"1",
    "person":1930,
    "full_address":"臺北市士林區福林路60號"
    }
  },
  {
    "type": "Feature",
    "geometry": {
       "type": "Point",
       "coordinates":  [ 121.5214896,25.0894208 ]
    },
    "properties": {
    "id":211,
    "name":"臺北市士林運動中心",
    "city":"臺北市",
    "district":"士林區",
    "village":"福德里",
    "address":"士商路1號",
    "type":"體育場館/運動中心",
    "suit_for_flood":"0",
    "suit_for_mudflow":"0",
    "suit_for_earthquake":"1",
    "suit_for_tsunami":"0",
    "indoor":"1",
    "outdoor":"0",
    "person":171,
    "full_address":"臺北市士林區士商路1號"
    }
  },
  {
    "type": "Feature",
    "geometry": {
       "type": "Point",
       "coordinates":  [ 121.5294176,25.1119217 ]
    },
    "properties": {
    "id":212,
    "name":"臺北市市場處士東市場地下停車場",
    "city":"臺北市",
    "district":"士林區",
    "village":"三玉里",
    "address":"臺北市士林區士東路100號",
    "type":"市場/停車場",
    "suit_for_flood":"0",
    "suit_for_mudflow":"0",
    "suit_for_earthquake":"0",
    "suit_for_tsunami":"0",
    "indoor":"1",
    "outdoor":"0",
    "person":771,
    "full_address":"臺北市士林區臺北市士林區士東路100號"
    }
  },
  {
    "type": "Feature",
    "geometry": {
       "type": "Point",
       "coordinates":  [ 121.5329854,25.113337 ]
    },
    "properties": {
    "id":213,
    "name":"天母棒球場",
    "city":"臺北市",
    "district":"士林區",
    "village":"三玉里",
    "address":"忠誠路二段77號",
    "type":"體育場館/運動中心",
    "suit_for_flood":"1",
    "suit_for_mudflow":"0",
    "suit_for_earthquake":"1",
    "suit_for_tsunami":"0",
    "indoor":"0",
    "outdoor":"1",
    "person":150,
    "full_address":"臺北市士林區忠誠路二段77號"
    }
  },
  {
    "type": "Feature",
    "geometry": {
       "type": "Point",
       "coordinates":  [ 121.5371423,25.1173993 ]
    },
    "properties": {
    "id":214,
    "name":"臺北市士林區三玉國民小學",
    "city":"臺北市",
    "district":"士林區",
    "village":"三玉里",
    "address":"天母東路116號",
    "type":"學校",
    "suit_for_flood":"0",
    "suit_for_mudflow":"0",
    "suit_for_earthquake":"1",
    "suit_for_tsunami":"0",
    "indoor":"1",
    "outdoor":"0",
    "person":782,
    "full_address":"臺北市士林區天母東路116號"
    }
  },
  {
    "type": "Feature",
    "geometry": {
       "type": "Point",
       "coordinates":  [ 121.5275442,25.1127778 ]
    },
    "properties": {
    "id":215,
    "name":"臺北市士林區士東國民小學",
    "city":"臺北市",
    "district":"士林區",
    "village":"蘭雅里",
    "address":"中山北路六段392號",
    "type":"學校",
    "suit_for_flood":"1",
    "suit_for_mudflow":"0",
    "suit_for_earthquake":"1",
    "suit_for_tsunami":"0",
    "indoor":"1",
    "outdoor":"0",
    "person":275,
    "full_address":"臺北市士林區中山北路六段392號"
    }
  },
  {
    "type": "Feature",
    "geometry": {
       "type": "Point",
       "coordinates":  [ 121.5152913,25.0959595 ]
    },
    "properties": {
    "id":216,
    "name":"臺北市立士林高級商業職業學校",
    "city":"臺北市",
    "district":"士林區",
    "village":"後港里",
    "address":"士商路150號",
    "type":"學校",
    "suit_for_flood":"0",
    "suit_for_mudflow":"0",
    "suit_for_earthquake":"1",
    "suit_for_tsunami":"0",
    "indoor":"1",
    "outdoor":"0",
    "person":54,
    "full_address":"臺北市士林區士商路150號"
    }
  },
  {
    "type": "Feature",
    "geometry": {
       "type": "Point",
       "coordinates":  [ 121.5226768,25.0943472 ]
    },
    "properties": {
    "id":217,
    "name":"臺北市立士林國民中學",
    "city":"臺北市",
    "district":"士林區",
    "village":"福德里",
    "address":"中正路345號",
    "type":"學校",
    "suit_for_flood":"0",
    "suit_for_mudflow":"0",
    "suit_for_earthquake":"1",
    "suit_for_tsunami":"0",
    "indoor":"1",
    "outdoor":"0",
    "person":39,
    "full_address":"臺北市士林區中正路345號"
    }
  },
  {
    "type": "Feature",
    "geometry": {
       "type": "Point",
       "coordinates":  [ 121.527901,25.1199869 ]
    },
    "properties": {
    "id":218,
    "name":"臺北市士林區天母國民小學",
    "city":"臺北市",
    "district":"士林區",
    "village":"天玉里",
    "address":"天玉街12號",
    "type":"學校",
    "suit_for_flood":"1",
    "suit_for_mudflow":"0",
    "suit_for_earthquake":"1",
    "suit_for_tsunami":"0",
    "indoor":"1",
    "outdoor":"0",
    "person":323,
    "full_address":"臺北市士林區天玉街12號"
    }
  },
  {
    "type": "Feature",
    "geometry": {
       "type": "Point",
       "coordinates":  [ 121.5385116,25.1172232 ]
    },
    "properties": {
    "id":219,
    "name":"臺北市立天母國民中學",
    "city":"臺北市",
    "district":"士林區",
    "village":"三玉里",
    "address":"天母東路120號",
    "type":"學校",
    "suit_for_flood":"0",
    "suit_for_mudflow":"0",
    "suit_for_earthquake":"1",
    "suit_for_tsunami":"0",
    "indoor":"1",
    "outdoor":"0",
    "person":99,
    "full_address":"臺北市士林區天母東路120號"
    }
  },
  {
    "type": "Feature",
    "geometry": {
       "type": "Point",
       "coordinates":  [ 121.5213883,25.0995584 ]
    },
    "properties": {
    "id":220,
    "name":"台北市士林區文昌國民小學",
    "city":"臺北市",
    "district":"士林區",
    "village":"德華里",
    "address":"文林路615巷20號",
    "type":"學校",
    "suit_for_flood":"1",
    "suit_for_mudflow":"0",
    "suit_for_earthquake":"1",
    "suit_for_tsunami":"0",
    "indoor":"1",
    "outdoor":"0",
    "person":140,
    "full_address":"臺北市士林區文林路615巷20號"
    }
  },
  {
    "type": "Feature",
    "geometry": {
       "type": "Point",
       "coordinates":  [ 121.5759912,25.1289202 ]
    },
    "properties": {
    "id":221,
    "name":"臺北市士林區平等國民小學",
    "city":"臺北市",
    "district":"士林區",
    "village":"平等里",
    "address":"平菁街101號",
    "type":"學校",
    "suit_for_flood":"0",
    "suit_for_mudflow":"0",
    "suit_for_earthquake":"1",
    "suit_for_tsunami":"0",
    "indoor":"1",
    "outdoor":"0",
    "person":30,
    "full_address":"臺北市士林區平菁街101號"
    }
  },
  {
    "type": "Feature",
    "geometry": {
       "type": "Point",
       "coordinates":  [ 121.5232914,25.0861847 ]
    },
    "properties": {
    "id":222,
    "name":"臺北市士林區百齡高級中學",
    "city":"臺北市",
    "district":"士林區",
    "village":"義信里",
    "address":"承德路四段177號",
    "type":"學校",
    "suit_for_flood":"1",
    "suit_for_mudflow":"0",
    "suit_for_earthquake":"1",
    "suit_for_tsunami":"0",
    "indoor":"1",
    "outdoor":"0",
    "person":300,
    "full_address":"臺北市士林區承德路四段177號"
    }
  },
  {
    "type": "Feature",
    "geometry": {
       "type": "Point",
       "coordinates":  [ 121.5183351,25.0860361 ]
    },
    "properties": {
    "id":223,
    "name":"臺北市士林區百齡國民小學",
    "city":"臺北市",
    "district":"士林區",
    "village":"福中里",
    "address":"福港街205號",
    "type":"學校",
    "suit_for_flood":"1",
    "suit_for_mudflow":"0",
    "suit_for_earthquake":"1",
    "suit_for_tsunami":"0",
    "indoor":"1",
    "outdoor":"0",
    "person":342,
    "full_address":"臺北市士林區福港街205號"
    }
  },
  {
    "type": "Feature",
    "geometry": {
       "type": "Point",
       "coordinates":  [ 121.5366881,25.1109119 ]
    },
    "properties": {
    "id":224,
    "name":"臺北市士林區芝山國民小學",
    "city":"臺北市",
    "district":"士林區",
    "village":"芝山里",
    "address":"德行東路285號",
    "type":"學校",
    "suit_for_flood":"1",
    "suit_for_mudflow":"0",
    "suit_for_earthquake":"1",
    "suit_for_tsunami":"0",
    "indoor":"1",
    "outdoor":"0",
    "person":75,
    "full_address":"臺北市士林區德行東路285號"
    }
  },
  {
    "type": "Feature",
    "geometry": {
       "type": "Point",
       "coordinates":  [ 121.5296853,25.1049797 ]
    },
    "properties": {
    "id":225,
    "name":"臺北市士林區雨農國民小學",
    "city":"臺北市",
    "district":"士林區",
    "village":"名山里",
    "address":"忠義街1號",
    "type":"學校",
    "suit_for_flood":"0",
    "suit_for_mudflow":"0",
    "suit_for_earthquake":"1",
    "suit_for_tsunami":"0",
    "indoor":"1",
    "outdoor":"0",
    "person":124,
    "full_address":"臺北市士林區忠義街1號"
    }
  },
  {
    "type": "Feature",
    "geometry": {
       "type": "Point",
       "coordinates":  [ 121.5351689,25.1026956 ]
    },
    "properties": {
    "id":226,
    "name":"臺北市士林區雨聲國民小學",
    "city":"臺北市",
    "district":"士林區",
    "village":"岩山里",
    "address":"至誠路一段62巷70號",
    "type":"學校",
    "suit_for_flood":"1",
    "suit_for_mudflow":"0",
    "suit_for_earthquake":"1",
    "suit_for_tsunami":"0",
    "indoor":"1",
    "outdoor":"0",
    "person":30,
    "full_address":"臺北市士林區至誠路一段62巷70號"
    }
  },
  {
    "type": "Feature",
    "geometry": {
       "type": "Point",
       "coordinates":  [ 121.5462064,25.1313342 ]
    },
    "properties": {
    "id":227,
    "name":"臺北市立格致國民中學",
    "city":"臺北市",
    "district":"士林區",
    "village":"陽明里",
    "address":"仰德大道四段75號",
    "type":"學校",
    "suit_for_flood":"0",
    "suit_for_mudflow":"0",
    "suit_for_earthquake":"1",
    "suit_for_tsunami":"0",
    "indoor":"1",
    "outdoor":"0",
    "person":73,
    "full_address":"臺北市士林區仰德大道四段75號"
    }
  },
  {
    "type": "Feature",
    "geometry": {
       "type": "Point",
       "coordinates":  [ 121.4825723,25.1054642 ]
    },
    "properties": {
    "id":228,
    "name":"臺北市士林區富安國民小學",
    "city":"臺北市",
    "district":"士林區",
    "village":"富洲里",
    "address":"延平北路八段135號",
    "type":"學校",
    "suit_for_flood":"1",
    "suit_for_mudflow":"0",
    "suit_for_earthquake":"1",
    "suit_for_tsunami":"0",
    "indoor":"1",
    "outdoor":"0",
    "person":71,
    "full_address":"臺北市士林區延平北路八段135號"
    }
  },
  {
    "type": "Feature",
    "geometry": {
       "type": "Point",
       "coordinates":  [ 121.5166597,25.0929638 ]
    },
    "properties": {
    "id":229,
    "name":"臺北市立陽明高級中學",
    "city":"臺北市",
    "district":"士林區",
    "village":"後港里",
    "address":"中正路510號",
    "type":"學校",
    "suit_for_flood":"0",
    "suit_for_mudflow":"0",
    "suit_for_earthquake":"1",
    "suit_for_tsunami":"0",
    "indoor":"1",
    "outdoor":"0",
    "person":110,
    "full_address":"臺北市士林區中正路510號"
    }
  },
  {
    "type": "Feature",
    "geometry": {
       "type": "Point",
       "coordinates":  [ 121.5072465,25.0841138 ]
    },
    "properties": {
    "id":230,
    "name":"臺北市士林區葫蘆國民小學",
    "city":"臺北市",
    "district":"士林區",
    "village":"葫蘆里",
    "address":"環河北路三段95號",
    "type":"學校",
    "suit_for_flood":"1",
    "suit_for_mudflow":"0",
    "suit_for_earthquake":"1",
    "suit_for_tsunami":"0",
    "indoor":"1",
    "outdoor":"0",
    "person":88,
    "full_address":"臺北市士林區環河北路三段95號"
    }
  },
  {
    "type": "Feature",
    "geometry": {
       "type": "Point",
       "coordinates":  [ 121.4880275,25.1034569 ]
    },
    "properties": {
    "id":231,
    "name":"臺北市立福安國民中學",
    "city":"臺北市",
    "district":"士林區",
    "village":"福安里",
    "address":"延平北路七段250號",
    "type":"學校",
    "suit_for_flood":"1",
    "suit_for_mudflow":"0",
    "suit_for_earthquake":"1",
    "suit_for_tsunami":"0",
    "indoor":"1",
    "outdoor":"0",
    "person":30,
    "full_address":"臺北市士林區延平北路七段250號"
    }
  },
  {
    "type": "Feature",
    "geometry": {
       "type": "Point",
       "coordinates":  [ 121.5229031,25.0797223 ]
    },
    "properties": {
    "id":232,
    "name":"臺北市士林區劍潭國民小學",
    "city":"臺北市",
    "district":"士林區",
    "village":"明勝里",
    "address":"通河街16號",
    "type":"學校",
    "suit_for_flood":"1",
    "suit_for_mudflow":"0",
    "suit_for_earthquake":"1",
    "suit_for_tsunami":"0",
    "indoor":"1",
    "outdoor":"0",
    "person":31,
    "full_address":"臺北市士林區通河街16號"
    }
  },
  {
    "type": "Feature",
    "geometry": {
       "type": "Point",
       "coordinates":  [ 121.5649093,25.1072626 ]
    },
    "properties": {
    "id":233,
    "name":"臺北市士林區雙溪國民小學小",
    "city":"臺北市",
    "district":"士林區",
    "village":"翠山里",
    "address":"中社路二段66號",
    "type":"學校",
    "suit_for_flood":"0",
    "suit_for_mudflow":"0",
    "suit_for_earthquake":"1",
    "suit_for_tsunami":"0",
    "indoor":"1",
    "outdoor":"0",
    "person":30,
    "full_address":"臺北市士林區中社路二段66號"
    }
  },
  {
    "type": "Feature",
    "geometry": {
       "type": "Point",
       "coordinates":  [ 121.5228937,25.1083734 ]
    },
    "properties": {
    "id":234,
    "name":"臺北市士林區蘭雅國民小學",
    "city":"臺北市",
    "district":"士林區",
    "village":"蘭興里",
    "address":"磺溪街57號",
    "type":"學校",
    "suit_for_flood":"0",
    "suit_for_mudflow":"0",
    "suit_for_earthquake":"1",
    "suit_for_tsunami":"0",
    "indoor":"1",
    "outdoor":"0",
    "person":30,
    "full_address":"臺北市士林區磺溪街57號"
    }
  },
  {
    "type": "Feature",
    "geometry": {
       "type": "Point",
       "coordinates":  [ 121.5316348,25.1104477 ]
    },
    "properties": {
    "id":235,
    "name":"臺北市立蘭雅國民中學",
    "city":"臺北市",
    "district":"士林區",
    "village":"三玉里",
    "address":"忠誠路二段51號",
    "type":"學校",
    "suit_for_flood":"1",
    "suit_for_mudflow":"0",
    "suit_for_earthquake":"1",
    "suit_for_tsunami":"0",
    "indoor":"1",
    "outdoor":"0",
    "person":130,
    "full_address":"臺北市士林區忠誠路二段51號"
    }
  },
  {
    "type": "Feature",
    "geometry": {
       "type": "Point",
       "coordinates":  [ 121.518829,25.0980967 ]
    },
    "properties": {
    "id":236,
    "name":"美崙公園",
    "city":"臺北市",
    "district":"士林區",
    "village":"福佳里",
    "address":"美崙街152巷",
    "type":"公園/綠地",
    "suit_for_flood":"0",
    "suit_for_mudflow":"0",
    "suit_for_earthquake":"1",
    "suit_for_tsunami":"0",
    "indoor":"0",
    "outdoor":"1",
    "person":5233,
    "full_address":"臺北市士林區美崙街152巷"
    }
  },
  {
    "type": "Feature",
    "geometry": {
       "type": "Point",
       "coordinates":  [ 121.5185773,25.0859766 ]
    },
    "properties": {
    "id":237,
    "name":"前港公園",
    "city":"臺北市",
    "district":"士林區",
    "village":"前港里",
    "address":"華齡街與前港街交叉口(百齡國小對面)",
    "type":"公園/綠地",
    "suit_for_flood":"1",
    "suit_for_mudflow":"0",
    "suit_for_earthquake":"1",
    "suit_for_tsunami":"0",
    "indoor":"0",
    "outdoor":"1",
    "person":3136,
    "full_address":"臺北市士林區華齡街與前港街交叉口(百齡國小對面)"
    }
  },
  {
    "type": "Feature",
    "geometry": {
       "type": "Point",
       "coordinates":  [ 121.528736,25.0940896 ]
    },
    "properties": {
    "id":238,
    "name":"福林公園",
    "city":"臺北市",
    "district":"士林區",
    "village":"福林里",
    "address":"福林路2號(中山北路與福林路交叉口).",
    "type":"公園/綠地",
    "suit_for_flood":"1",
    "suit_for_mudflow":"0",
    "suit_for_earthquake":"1",
    "suit_for_tsunami":"0",
    "indoor":"0",
    "outdoor":"1",
    "person":2284,
    "full_address":"臺北市士林區福林路2號(中山北路與福林路交叉口)."
    }
  },
  {
    "type": "Feature",
    "geometry": {
       "type": "Point",
       "coordinates":  [ 121.526678,25.1041858 ]
    },
    "properties": {
    "id":239,
    "name":"忠誠公園",
    "city":"臺北市",
    "district":"士林區",
    "village":"名山里",
    "address":"中山北路六段與忠誠路一段交叉口",
    "type":"公園/綠地",
    "suit_for_flood":"0",
    "suit_for_mudflow":"0",
    "suit_for_earthquake":"1",
    "suit_for_tsunami":"0",
    "indoor":"0",
    "outdoor":"1",
    "person":881,
    "full_address":"臺北市士林區中山北路六段與忠誠路一段交叉口"
    }
  },
  {
    "type": "Feature",
    "geometry": {
       "type": "Point",
       "coordinates":  [ 121.533457,25.1198515 ]
    },
    "properties": {
    "id":240,
    "name":"天和公園",
    "city":"臺北市",
    "district":"士林區",
    "village":"天和里",
    "address":"天母東路69巷前",
    "type":"公園/綠地",
    "suit_for_flood":"1",
    "suit_for_mudflow":"0",
    "suit_for_earthquake":"1",
    "suit_for_tsunami":"0",
    "indoor":"0",
    "outdoor":"1",
    "person":1296,
    "full_address":"臺北市士林區天母東路69巷前"
    }
  },
  {
    "type": "Feature",
    "geometry": {
       "type": "Point",
       "coordinates":  [ 121.5057612,25.0902487 ]
    },
    "properties": {
    "id":241,
    "name":"社子公園",
    "city":"臺北市",
    "district":"士林區",
    "village":"社園里",
    "address":"永平街20巷11弄3號對面",
    "type":"公園/綠地",
    "suit_for_flood":"0",
    "suit_for_mudflow":"0",
    "suit_for_earthquake":"1",
    "suit_for_tsunami":"0",
    "indoor":"0",
    "outdoor":"1",
    "person":874,
    "full_address":"臺北市士林區永平街20巷11弄3號對面"
    }
  },
  {
    "type": "Feature",
    "geometry": {
       "type": "Point",
       "coordinates":  [ 121.524157,25.0878373 ]
    },
    "properties": {
    "id":242,
    "name":"臺北市市場處士林市場地下停車場",
    "city":"臺北市",
    "district":"士林區",
    "village":"義信里",
    "address":"臺北市士林區基河路101號",
    "type":"市場/停車場",
    "suit_for_flood":"0",
    "suit_for_mudflow":"0",
    "suit_for_earthquake":"0",
    "suit_for_tsunami":"0",
    "indoor":"1",
    "outdoor":"0",
    "person":1325,
    "full_address":"臺北市士林區臺北市士林區基河路101號"
    }
  },
  {
    "type": "Feature",
    "geometry": {
       "type": "Point",
       "coordinates":  [ 121.5330596,25.1234101 ]
    },
    "properties": {
    "id":243,
    "name":"臺北市立圖書館天母分館",
    "city":"臺北市",
    "district":"士林區",
    "village":"天山里",
    "address":"臺北市士林區中山北路七段154巷6號3、4樓",
    "type":"圖書館",
    "suit_for_flood":"0",
    "suit_for_mudflow":"0",
    "suit_for_earthquake":"0",
    "suit_for_tsunami":"0",
    "indoor":"1",
    "outdoor":"0",
    "person":41,
    "full_address":"臺北市士林區臺北市士林區中山北路七段154巷6號3、4樓"
    }
  },
  {
    "type": "Feature",
    "geometry": {
       "type": "Point",
       "coordinates":  [ 121.530787,25.095995 ]
    },
    "properties": {
    "id":244,
    "name":"臺北市立圖書館李科永紀念館",
    "city":"臺北市",
    "district":"士林區",
    "village":"福林里",
    "address":"臺北市士林區中正路15號",
    "type":"圖書館",
    "suit_for_flood":"1",
    "suit_for_mudflow":"0",
    "suit_for_earthquake":"0",
    "suit_for_tsunami":"0",
    "indoor":"1",
    "outdoor":"0",
    "person":46,
    "full_address":"臺北市士林區臺北市士林區中正路15號"
    }
  },
  {
    "type": "Feature",
    "geometry": {
       "type": "Point",
       "coordinates":  [ 121.510838,25.0823016 ]
    },
    "properties": {
    "id":245,
    "name":"臺北市立圖書館葫蘆堵分館",
    "city":"臺北市",
    "district":"士林區",
    "village":"福順里",
    "address":"臺北市士林區延平北路五段136巷1號3-9樓",
    "type":"圖書館",
    "suit_for_flood":"0",
    "suit_for_mudflow":"0",
    "suit_for_earthquake":"0",
    "suit_for_tsunami":"0",
    "indoor":"1",
    "outdoor":"0",
    "person":190,
    "full_address":"臺北市士林區臺北市士林區延平北路五段136巷1號3-9樓"
    }
  },
  {
    "type": "Feature",
    "geometry": {
       "type": "Point",
       "coordinates":  [ 121.5243691,25.0851242 ]
    },
    "properties": {
    "id":246,
    "name":"臺北表演藝術中心",
    "city":"臺北市",
    "district":"士林區",
    "village":"義信里",
    "address":"台北市士林區劍潭路1號",
    "type":"藝術中心",
    "suit_for_flood":"0",
    "suit_for_mudflow":"0",
    "suit_for_earthquake":"0",
    "suit_for_tsunami":"0",
    "indoor":"1",
    "outdoor":"0",
    "person":5061,
    "full_address":"臺北市士林區台北市士林區劍潭路1號"
    }
  },
  {
    "type": "Feature",
    "geometry": {
       "type": "Point",
       "coordinates":  [ 121.5063573,25.1383165 ]
    },
    "properties": {
    "id":247,
    "name":"臺北市立新民國民中學",
    "city":"臺北市",
    "district":"北投區",
    "village":"林泉里",
    "address":"新民路10號",
    "type":"學校",
    "suit_for_flood":"0",
    "suit_for_mudflow":"0",
    "suit_for_earthquake":"1",
    "suit_for_tsunami":"0",
    "indoor":"1",
    "outdoor":"0",
    "person":205,
    "full_address":"臺北市北投區新民路10號"
    }
  },
  {
    "type": "Feature",
    "geometry": {
       "type": "Point",
       "coordinates":  [ 121.5054173,25.1378856 ]
    },
    "properties": {
    "id":248,
    "name":"臺北市北投區逸仙國民小學",
    "city":"臺北市",
    "district":"北投區",
    "village":"中心里",
    "address":"新民路2號",
    "type":"學校",
    "suit_for_flood":"0",
    "suit_for_mudflow":"0",
    "suit_for_earthquake":"1",
    "suit_for_tsunami":"0",
    "indoor":"1",
    "outdoor":"0",
    "person":166,
    "full_address":"臺北市北投區新民路2號"
    }
  },
  {
    "type": "Feature",
    "geometry": {
       "type": "Point",
       "coordinates":  [ 121.4762355,25.1357242 ]
    },
    "properties": {
    "id":249,
    "name":"臺北市立桃源國民中學",
    "city":"臺北市",
    "district":"北投區",
    "village":"一德里",
    "address":"中央北路四段48號",
    "type":"學校",
    "suit_for_flood":"1",
    "suit_for_mudflow":"0",
    "suit_for_earthquake":"1",
    "suit_for_tsunami":"0",
    "indoor":"1",
    "outdoor":"0",
    "person":55,
    "full_address":"臺北市北投區中央北路四段48號"
    }
  },
  {
    "type": "Feature",
    "geometry": {
       "type": "Point",
       "coordinates":  [ 121.499691,25.134251 ]
    },
    "properties": {
    "id":250,
    "name":"臺北市北投區北投國民小學",
    "city":"臺北市",
    "district":"北投區",
    "village":"長安里",
    "address":"中央北路一段73號",
    "type":"學校",
    "suit_for_flood":"1",
    "suit_for_mudflow":"0",
    "suit_for_earthquake":"1",
    "suit_for_tsunami":"0",
    "indoor":"1",
    "outdoor":"0",
    "person":195,
    "full_address":"臺北市北投區中央北路一段73號"
    }
  },
  {
    "type": "Feature",
    "geometry": {
       "type": "Point",
       "coordinates":  [ 121.5023429,25.1390478 ]
    },
    "properties": {
    "id":251,
    "name":"復興公園",
    "city":"臺北市",
    "district":"北投區",
    "village":"中心里",
    "address":"中和街200號",
    "type":"公園/綠地",
    "suit_for_flood":"0",
    "suit_for_mudflow":"0",
    "suit_for_earthquake":"1",
    "suit_for_tsunami":"0",
    "indoor":"0",
    "outdoor":"1",
    "person":3624,
    "full_address":"臺北市北投區中和街200號"
    }
  },
  {
    "type": "Feature",
    "geometry": {
       "type": "Point",
       "coordinates":  [ 121.5026592,25.1328136 ]
    },
    "properties": {
    "id":252,
    "name":"北投區民活動中心(暫停用)",
    "city":"臺北市",
    "district":"北投區",
    "village":"清江里",
    "address":"新市街30號6樓",
    "type":"活動中心",
    "suit_for_flood":"1",
    "suit_for_mudflow":"0",
    "suit_for_earthquake":"1",
    "suit_for_tsunami":"0",
    "indoor":"1",
    "outdoor":"0",
    "person":90,
    "full_address":"臺北市北投區新市街30號6樓"
    }
  },
  {
    "type": "Feature",
    "geometry": {
       "type": "Point",
       "coordinates":  [ 121.5097872,25.1166358 ]
    },
    "properties": {
    "id":253,
    "name":"臺北市北投運動中心",
    "city":"臺北市",
    "district":"北投區",
    "village":"吉利里",
    "address":"石牌路一段39巷100號",
    "type":"體育場館/運動中心",
    "suit_for_flood":"1",
    "suit_for_mudflow":"0",
    "suit_for_earthquake":"1",
    "suit_for_tsunami":"0",
    "indoor":"1",
    "outdoor":"0",
    "person":384,
    "full_address":"臺北市北投區石牌路一段39巷100號"
    }
  },
  {
    "type": "Feature",
    "geometry": {
       "type": "Point",
       "coordinates":  [ 121.5040789,25.1551929 ]
    },
    "properties": {
    "id":254,
    "name":"臺北市北投區大屯國民小學",
    "city":"臺北市",
    "district":"北投區",
    "village":"大屯里",
    "address":"復興三路312號",
    "type":"學校",
    "suit_for_flood":"0",
    "suit_for_mudflow":"0",
    "suit_for_earthquake":"1",
    "suit_for_tsunami":"0",
    "indoor":"1",
    "outdoor":"0",
    "person":30,
    "full_address":"臺北市北投區復興三路312號"
    }
  },
  {
    "type": "Feature",
    "geometry": {
       "type": "Point",
       "coordinates":  [ 121.5169595,25.1054651 ]
    },
    "properties": {
    "id":255,
    "name":"臺北市立中正高級中學",
    "city":"臺北市",
    "district":"北投區",
    "village":"建民里",
    "address":"文林北路77號",
    "type":"學校",
    "suit_for_flood":"1",
    "suit_for_mudflow":"0",
    "suit_for_earthquake":"1",
    "suit_for_tsunami":"0",
    "indoor":"1",
    "outdoor":"0",
    "person":109,
    "full_address":"臺北市北投區文林北路77號"
    }
  },
  {
    "type": "Feature",
    "geometry": {
       "type": "Point",
       "coordinates":  [ 121.4962327,25.137304 ]
    },
    "properties": {
    "id":256,
    "name":"臺北市北投區文化國民小學",
    "city":"臺北市",
    "district":"北投區",
    "village":"文化里",
    "address":"文化三路1號",
    "type":"學校",
    "suit_for_flood":"1",
    "suit_for_mudflow":"0",
    "suit_for_earthquake":"1",
    "suit_for_tsunami":"0",
    "indoor":"1",
    "outdoor":"0",
    "person":50,
    "full_address":"臺北市北投區文化三路1號"
    }
  },
  {
    "type": "Feature",
    "geometry": {
       "type": "Point",
       "coordinates":  [ 121.5146969,25.1055278 ]
    },
    "properties": {
    "id":257,
    "name":"臺北市北投區文林國民小學",
    "city":"臺北市",
    "district":"北投區",
    "village":"建民里",
    "address":"文林北路155號",
    "type":"學校",
    "suit_for_flood":"1",
    "suit_for_mudflow":"0",
    "suit_for_earthquake":"1",
    "suit_for_tsunami":"0",
    "indoor":"1",
    "outdoor":"0",
    "person":300,
    "full_address":"臺北市北投區文林北路155號"
    }
  },
  {
    "type": "Feature",
    "geometry": {
       "type": "Point",
       "coordinates":  [ 121.5046628,25.1344042 ]
    },
    "properties": {
    "id":258,
    "name":"臺北市立北投國民中學",
    "city":"臺北市",
    "district":"北投區",
    "village":"溫泉里",
    "address":"溫泉路62號",
    "type":"學校",
    "suit_for_flood":"0",
    "suit_for_mudflow":"0",
    "suit_for_earthquake":"1",
    "suit_for_tsunami":"0",
    "indoor":"1",
    "outdoor":"0",
    "person":380,
    "full_address":"臺北市北投區溫泉路62號"
    }
  },
  {
    "type": "Feature",
    "geometry": {
       "type": "Point",
       "coordinates":  [ 121.5117748,25.1156862 ]
    },
    "properties": {
    "id":259,
    "name":"臺北市北投區石牌國民小學",
    "city":"臺北市",
    "district":"北投區",
    "village":"吉利里",
    "address":"致遠二路80號",
    "type":"學校",
    "suit_for_flood":"1",
    "suit_for_mudflow":"0",
    "suit_for_earthquake":"1",
    "suit_for_tsunami":"0",
    "indoor":"1",
    "outdoor":"0",
    "person":180,
    "full_address":"臺北市北投區致遠二路80號"
    }
  },
  {
    "type": "Feature",
    "geometry": {
       "type": "Point",
       "coordinates":  [ 121.5138046,25.1155187 ]
    },
    "properties": {
    "id":260,
    "name":"臺北市立石牌國民中學",
    "city":"臺北市",
    "district":"北投區",
    "village":"吉利里",
    "address":"石牌路一段139號",
    "type":"學校",
    "suit_for_flood":"1",
    "suit_for_mudflow":"0",
    "suit_for_earthquake":"1",
    "suit_for_tsunami":"0",
    "indoor":"1",
    "outdoor":"0",
    "person":400,
    "full_address":"臺北市北投區石牌路一段139號"
    }
  },
  {
    "type": "Feature",
    "geometry": {
       "type": "Point",
       "coordinates":  [ 121.5050034,25.1191061 ]
    },
    "properties": {
    "id":261,
    "name":"臺北市北投區立農國民小學",
    "city":"臺北市",
    "district":"北投區",
    "village":"立農里",
    "address":"立農街一段250號",
    "type":"學校",
    "suit_for_flood":"1",
    "suit_for_mudflow":"0",
    "suit_for_earthquake":"1",
    "suit_for_tsunami":"0",
    "indoor":"1",
    "outdoor":"0",
    "person":31,
    "full_address":"臺北市北投區立農街一段250號"
    }
  },
  {
    "type": "Feature",
    "geometry": {
       "type": "Point",
       "coordinates":  [ 121.5219348,25.1123077 ]
    },
    "properties": {
    "id":262,
    "name":"臺北市北投區明德國民小學",
    "city":"臺北市",
    "district":"北投區",
    "village":"榮華里",
    "address":"明德路190號",
    "type":"學校",
    "suit_for_flood":"0",
    "suit_for_mudflow":"0",
    "suit_for_earthquake":"1",
    "suit_for_tsunami":"0",
    "indoor":"1",
    "outdoor":"0",
    "person":767,
    "full_address":"臺北市北投區明德路190號"
    }
  },
  {
    "type": "Feature",
    "geometry": {
       "type": "Point",
       "coordinates":  [ 121.5189795,25.1078343 ]
    },
    "properties": {
    "id":263,
    "name":"臺北市立明德國民中學",
    "city":"臺北市",
    "district":"北投區",
    "village":"建民里",
    "address":"明德路50號",
    "type":"學校",
    "suit_for_flood":"1",
    "suit_for_mudflow":"0",
    "suit_for_earthquake":"1",
    "suit_for_tsunami":"0",
    "indoor":"1",
    "outdoor":"0",
    "person":88,
    "full_address":"臺北市北投區明德路50號"
    }
  },
  {
    "type": "Feature",
    "geometry": {
       "type": "Point",
       "coordinates":  [ 121.5244225,25.1492345 ]
    },
    "properties": {
    "id":264,
    "name":"臺北市泉源實驗國民小學",
    "city":"臺北市",
    "district":"北投區",
    "village":"泉源里",
    "address":"東昇路34號",
    "type":"學校",
    "suit_for_flood":"0",
    "suit_for_mudflow":"0",
    "suit_for_earthquake":"1",
    "suit_for_tsunami":"0",
    "indoor":"1",
    "outdoor":"0",
    "person":33,
    "full_address":"臺北市北投區東昇路34號"
    }
  },
  {
    "type": "Feature",
    "geometry": {
       "type": "Point",
       "coordinates":  [ 121.4844677,25.1397179 ]
    },
    "properties": {
    "id":265,
    "name":"臺北市北投區桃源國民小學",
    "city":"臺北市",
    "district":"北投區",
    "village":"桃源里",
    "address":"中央北路三段40巷45號",
    "type":"學校",
    "suit_for_flood":"1",
    "suit_for_mudflow":"0",
    "suit_for_earthquake":"1",
    "suit_for_tsunami":"0",
    "indoor":"1",
    "outdoor":"0",
    "person":30,
    "full_address":"臺北市北投區中央北路三段40巷45號"
    }
  },
  {
    "type": "Feature",
    "geometry": {
       "type": "Point",
       "coordinates":  [ 121.5070921,25.126696 ]
    },
    "properties": {
    "id":266,
    "name":"台北市北投區清江國民小學",
    "city":"臺北市",
    "district":"北投區",
    "village":"奇岩里",
    "address":"公館路220號",
    "type":"學校",
    "suit_for_flood":"1",
    "suit_for_mudflow":"0",
    "suit_for_earthquake":"1",
    "suit_for_tsunami":"0",
    "indoor":"1",
    "outdoor":"0",
    "person":350,
    "full_address":"臺北市北投區公館路220號"
    }
  },
  {
    "type": "Feature",
    "geometry": {
       "type": "Point",
       "coordinates":  [ 121.5020882,25.1437265 ]
    },
    "properties": {
    "id":267,
    "name":"臺北市立復興高級中學",
    "city":"臺北市",
    "district":"北投區",
    "village":"開明里",
    "address":"復興四路70號",
    "type":"學校",
    "suit_for_flood":"1",
    "suit_for_mudflow":"0",
    "suit_for_earthquake":"1",
    "suit_for_tsunami":"0",
    "indoor":"1",
    "outdoor":"0",
    "person":348,
    "full_address":"臺北市北投區復興四路70號"
    }
  },
  {
    "type": "Feature",
    "geometry": {
       "type": "Point",
       "coordinates":  [ 121.5368105,25.1468198 ]
    },
    "properties": {
    "id":268,
    "name":"臺北市北投區湖山國民小學",
    "city":"臺北市",
    "district":"北投區",
    "village":"湖山里",
    "address":"湖底路11號",
    "type":"學校",
    "suit_for_flood":"0",
    "suit_for_mudflow":"0",
    "suit_for_earthquake":"1",
    "suit_for_tsunami":"0",
    "indoor":"1",
    "outdoor":"0",
    "person":30,
    "full_address":"臺北市北投區湖底路11號"
    }
  },
  {
    "type": "Feature",
    "geometry": {
       "type": "Point",
       "coordinates":  [ 121.5399522,25.1683226 ]
    },
    "properties": {
    "id":269,
    "name":"臺北市湖田實驗國民小學",
    "city":"臺北市",
    "district":"北投區",
    "village":"湖田里",
    "address":"竹子湖路17之2號",
    "type":"學校",
    "suit_for_flood":"0",
    "suit_for_mudflow":"0",
    "suit_for_earthquake":"1",
    "suit_for_tsunami":"0",
    "indoor":"1",
    "outdoor":"0",
    "person":30,
    "full_address":"臺北市北投區竹子湖路17之2號"
    }
  },
  {
    "type": "Feature",
    "geometry": {
       "type": "Point",
       "coordinates":  [ 121.5095776,25.1417226 ]
    },
    "properties": {
    "id":270,
    "name":"臺北市北投區義方國民小學",
    "city":"臺北市",
    "district":"北投區",
    "village":"泉源里",
    "address":"珠海路155號",
    "type":"學校",
    "suit_for_flood":"0",
    "suit_for_mudflow":"0",
    "suit_for_earthquake":"1",
    "suit_for_tsunami":"0",
    "indoor":"1",
    "outdoor":"0",
    "person":120,
    "full_address":"臺北市北投區珠海路155號"
    }
  },
  {
    "type": "Feature",
    "geometry": {
       "type": "Point",
       "coordinates":  [ 121.4671091,25.1261197 ]
    },
    "properties": {
    "id":271,
    "name":"臺北市北投區關渡國民小學",
    "city":"臺北市",
    "district":"北投區",
    "village":"一德里",
    "address":"中央北路四段581號",
    "type":"學校",
    "suit_for_flood":"1",
    "suit_for_mudflow":"0",
    "suit_for_earthquake":"1",
    "suit_for_tsunami":"0",
    "indoor":"1",
    "outdoor":"0",
    "person":110,
    "full_address":"臺北市北投區中央北路四段581號"
    }
  },
  {
    "type": "Feature",
    "geometry": {
       "type": "Point",
       "coordinates":  [ 121.4671571,25.1199699 ]
    },
    "properties": {
    "id":272,
    "name":"臺北市立關渡國民中學",
    "city":"臺北市",
    "district":"北投區",
    "village":"關渡里",
    "address":"知行路212號",
    "type":"學校",
    "suit_for_flood":"1",
    "suit_for_mudflow":"0",
    "suit_for_earthquake":"1",
    "suit_for_tsunami":"0",
    "indoor":"1",
    "outdoor":"0",
    "person":120,
    "full_address":"臺北市北投區知行路212號"
    }
  },
  {
    "type": "Feature",
    "geometry": {
       "type": "Point",
       "coordinates":  [ 121.4923666,25.141521 ]
    },
    "properties": {
    "id":273,
    "name":"國防大學政治作戰學院",
    "city":"臺北市",
    "district":"北投區",
    "village":"文化里",
    "address":"中央北路二段70號",
    "type":"營區",
    "suit_for_flood":"1",
    "suit_for_mudflow":"0",
    "suit_for_earthquake":"1",
    "suit_for_tsunami":"0",
    "indoor":"1",
    "outdoor":"0",
    "person":584,
    "full_address":"臺北市北投區中央北路二段70號"
    }
  },
  {
    "type": "Feature",
    "geometry": {
       "type": "Point",
       "coordinates":  [ 121.5108368,25.1368667 ]
    },
    "properties": {
    "id":274,
    "name":"北投一公園",
    "city":"臺北市",
    "district":"北投區",
    "village":"中心、林泉、長安、溫泉里",
    "address":"中山路、光明路所圍範圍",
    "type":"公園/綠地",
    "suit_for_flood":"0",
    "suit_for_mudflow":"0",
    "suit_for_earthquake":"1",
    "suit_for_tsunami":"0",
    "indoor":"0",
    "outdoor":"1",
    "person":3461,
    "full_address":"臺北市北投區中山路、光明路所圍範圍"
    }
  },
  {
    "type": "Feature",
    "geometry": {
       "type": "Point",
       "coordinates":  [ 121.5080838,25.1370971 ]
    },
    "properties": {
    "id":275,
    "name":"北投二公園",
    "city":"臺北市",
    "district":"北投區",
    "village":"中心、林泉里",
    "address":"中山路5號附近",
    "type":"公園/綠地",
    "suit_for_flood":"0",
    "suit_for_mudflow":"0",
    "suit_for_earthquake":"1",
    "suit_for_tsunami":"0",
    "indoor":"0",
    "outdoor":"1",
    "person":1083,
    "full_address":"臺北市北投區中山路5號附近"
    }
  },
  {
    "type": "Feature",
    "geometry": {
       "type": "Point",
       "coordinates":  [ 121.5027069,25.133323 ]
    },
    "properties": {
    "id":276,
    "name":"大豐公園(暫停用)",
    "city":"臺北市",
    "district":"北投區",
    "village":"清江、溫泉里",
    "address":"公館路13號旁",
    "type":"公園/綠地",
    "suit_for_flood":"1",
    "suit_for_mudflow":"0",
    "suit_for_earthquake":"1",
    "suit_for_tsunami":"0",
    "indoor":"0",
    "outdoor":"1",
    "person":1075,
    "full_address":"臺北市北投區公館路13號旁"
    }
  },
  {
    "type": "Feature",
    "geometry": {
       "type": "Point",
       "coordinates":  [ 121.5022901,25.1369406 ]
    },
    "properties": {
    "id":277,
    "name":"七星公園",
    "city":"臺北市",
    "district":"北投區",
    "village":"長安里",
    "address":"光明路、中山路交叉口(新北投捷運站南側)",
    "type":"公園/綠地",
    "suit_for_flood":"0",
    "suit_for_mudflow":"0",
    "suit_for_earthquake":"1",
    "suit_for_tsunami":"0",
    "indoor":"0",
    "outdoor":"1",
    "person":1046,
    "full_address":"臺北市北投區光明路、中山路交叉口(新北投捷運站南側)"
    }
  },
  {
    "type": "Feature",
    "geometry": {
       "type": "Point",
       "coordinates":  [ 121.510814,25.1133685 ]
    },
    "properties": {
    "id":278,
    "name":"石牌公園",
    "city":"臺北市",
    "district":"北投區",
    "village":"吉利、尊賢里",
    "address":"臺北市北投區石牌路1段39巷內",
    "type":"公園/綠地",
    "suit_for_flood":"1",
    "suit_for_mudflow":"0",
    "suit_for_earthquake":"1",
    "suit_for_tsunami":"0",
    "indoor":"0",
    "outdoor":"1",
    "person":2047,
    "full_address":"臺北市北投區臺北市北投區石牌路1段39巷內"
    }
  },
  {
    "type": "Feature",
    "geometry": {
       "type": "Point",
       "coordinates":  [ 121.4854505,25.1374301 ]
    },
    "properties": {
    "id":279,
    "name":"立農公園",
    "city":"臺北市",
    "district":"北投區",
    "village":"立農里",
    "address":"承德路7段、立農街1段22巷2弄旁",
    "type":"公園/綠地",
    "suit_for_flood":"1",
    "suit_for_mudflow":"0",
    "suit_for_earthquake":"1",
    "suit_for_tsunami":"0",
    "indoor":"0",
    "outdoor":"1",
    "person":1547,
    "full_address":"臺北市北投區承德路7段、立農街1段22巷2弄旁"
    }
  },
  {
    "type": "Feature",
    "geometry": {
       "type": "Point",
       "coordinates":  [ 121.5263169,25.1184517 ]
    },
    "properties": {
    "id":280,
    "name":"振興公園",
    "city":"臺北市",
    "district":"北投區",
    "village":"榮華里",
    "address":"天母西路、磺溪交叉口",
    "type":"公園/綠地",
    "suit_for_flood":"0",
    "suit_for_mudflow":"0",
    "suit_for_earthquake":"1",
    "suit_for_tsunami":"0",
    "indoor":"0",
    "outdoor":"1",
    "person":950,
    "full_address":"臺北市北投區天母西路、磺溪交叉口"
    }
  },
  {
    "type": "Feature",
    "geometry": {
       "type": "Point",
       "coordinates":  [ 121.4970927,25.1374035 ]
    },
    "properties": {
    "id":281,
    "name":"文化區民活動中心(暫停用)",
    "city":"臺北市",
    "district":"北投區",
    "village":"文化里",
    "address":"臺北市北投區文化三路3號4、5樓",
    "type":"活動中心",
    "suit_for_flood":"0",
    "suit_for_mudflow":"0",
    "suit_for_earthquake":"0",
    "suit_for_tsunami":"0",
    "indoor":"1",
    "outdoor":"0",
    "person":58,
    "full_address":"臺北市北投區臺北市北投區文化三路3號4、5樓"
    }
  },
  {
    "type": "Feature",
    "geometry": {
       "type": "Point",
       "coordinates":  [ 121.506389,25.136389 ]
    },
    "properties": {
    "id":282,
    "name":"臺北市立圖書館北投分館",
    "city":"臺北市",
    "district":"北投區",
    "village":"溫泉里",
    "address":"臺北市北投區光明路251號",
    "type":"圖書館",
    "suit_for_flood":"0",
    "suit_for_mudflow":"0",
    "suit_for_earthquake":"0",
    "suit_for_tsunami":"0",
    "indoor":"1",
    "outdoor":"0",
    "person":222,
    "full_address":"臺北市北投區臺北市北投區光明路251號"
    }
  },
  {
    "type": "Feature",
    "geometry": {
       "type": "Point",
       "coordinates":  [ 121.5226457,25.1131801 ]
    },
    "properties": {
    "id":283,
    "name":"臺北市立圖書館石牌分館",
    "city":"臺北市",
    "district":"北投區",
    "village":"榮華里",
    "address":"臺北市北投區明德路208巷5號3-10樓",
    "type":"圖書館",
    "suit_for_flood":"0",
    "suit_for_mudflow":"0",
    "suit_for_earthquake":"0",
    "suit_for_tsunami":"0",
    "indoor":"1",
    "outdoor":"0",
    "person":196,
    "full_address":"臺北市北投區臺北市北投區明德路208巷5號3-10樓"
    }
  },
  {
    "type": "Feature",
    "geometry": {
       "type": "Point",
       "coordinates":  [ 121.5083937,25.1192968 ]
    },
    "properties": {
    "id":284,
    "name":"臺北市立圖書館吉利分館",
    "city":"臺北市",
    "district":"北投區",
    "village":"立農里",
    "address":"臺北市北投區立農街一段366號5-8樓",
    "type":"圖書館",
    "suit_for_flood":"0",
    "suit_for_mudflow":"0",
    "suit_for_earthquake":"0",
    "suit_for_tsunami":"0",
    "indoor":"1",
    "outdoor":"0",
    "person":45,
    "full_address":"臺北市北投區臺北市北投區立農街一段366號5-8樓"
    }
  },
  {
    "type": "Feature",
    "geometry": {
       "type": "Point",
       "coordinates":  [ 121.5069373,25.127728 ]
    },
    "properties": {
    "id":285,
    "name":"臺北市立圖書館清江分館",
    "city":"臺北市",
    "district":"北投區",
    "village":"奇岩里",
    "address":"臺北市北投區公館路198號3樓",
    "type":"圖書館",
    "suit_for_flood":"1",
    "suit_for_mudflow":"0",
    "suit_for_earthquake":"0",
    "suit_for_tsunami":"0",
    "indoor":"1",
    "outdoor":"0",
    "person":201,
    "full_address":"臺北市北投區臺北市北投區公館路198號3樓"
    }
  },
  {
    "type": "Feature",
    "geometry": {
       "type": "Point",
       "coordinates":  [ 121.4893601,25.1409872 ]
    },
    "properties": {
    "id":286,
    "name":"臺北市立圖書館稻香分館",
    "city":"臺北市",
    "district":"北投區",
    "village":"稻香里",
    "address":"臺北市北投區稻香路81號7-9樓",
    "type":"圖書館",
    "suit_for_flood":"0",
    "suit_for_mudflow":"0",
    "suit_for_earthquake":"0",
    "suit_for_tsunami":"0",
    "indoor":"1",
    "outdoor":"0",
    "person":114,
    "full_address":"臺北市北投區臺北市北投區稻香路81號7-9樓"
    }
  },
  {
    "type": "Feature",
    "geometry": {
       "type": "Point",
       "coordinates":  [ 121.5722755,25.0832926 ]
    },
    "properties": {
    "id":287,
    "name":"臺北市內湖區麗山國民小學",
    "city":"臺北市",
    "district":"內湖區",
    "village":"麗山里",
    "address":"港華街100號",
    "type":"學校",
    "suit_for_flood":"1",
    "suit_for_mudflow":"1",
    "suit_for_earthquake":"1",
    "suit_for_tsunami":"0",
    "indoor":"1",
    "outdoor":"0",
    "person":184,
    "full_address":"臺北市內湖區港華街100號"
    }
  },
  {
    "type": "Feature",
    "geometry": {
       "type": "Point",
       "coordinates":  [ 121.5914025,25.0841216 ]
    },
    "properties": {
    "id":288,
    "name":"臺北市內湖區碧湖國民小學",
    "city":"臺北市",
    "district":"內湖區",
    "village":"內湖里",
    "address":"金龍路100號",
    "type":"學校",
    "suit_for_flood":"0",
    "suit_for_mudflow":"1",
    "suit_for_earthquake":"1",
    "suit_for_tsunami":"0",
    "indoor":"1",
    "outdoor":"0",
    "person":134,
    "full_address":"臺北市內湖區金龍路100號"
    }
  },
  {
    "type": "Feature",
    "geometry": {
       "type": "Point",
       "coordinates":  [ 121.6010317,25.0725694 ]
    },
    "properties": {
    "id":289,
    "name":"臺北市內湖區麗湖國民小學",
    "city":"臺北市",
    "district":"內湖區",
    "village":"金湖里",
    "address":"金湖路363巷8號",
    "type":"學校",
    "suit_for_flood":"0",
    "suit_for_mudflow":"0",
    "suit_for_earthquake":"1",
    "suit_for_tsunami":"0",
    "indoor":"1",
    "outdoor":"0",
    "person":257,
    "full_address":"臺北市內湖區金湖路363巷8號"
    }
  },
  {
    "type": "Feature",
    "geometry": {
       "type": "Point",
       "coordinates":  [ 121.6011295,25.0875537 ]
    },
    "properties": {
    "id":290,
    "name":"臺北市內湖區大湖國民小學",
    "city":"臺北市",
    "district":"內湖區",
    "village":"大湖里",
    "address":"大湖山莊街170號",
    "type":"學校",
    "suit_for_flood":"0",
    "suit_for_mudflow":"0",
    "suit_for_earthquake":"1",
    "suit_for_tsunami":"0",
    "indoor":"1",
    "outdoor":"0",
    "person":166,
    "full_address":"臺北市內湖區大湖山莊街170號"
    }
  },
  {
    "type": "Feature",
    "geometry": {
       "type": "Point",
       "coordinates":  [ 121.5942557,25.0804655 ]
    },
    "properties": {
    "id":291,
    "name":"臺北市內湖區康寧國民小學",
    "city":"臺北市",
    "district":"內湖區",
    "village":"清白里",
    "address":"星雲街121號",
    "type":"學校",
    "suit_for_flood":"0",
    "suit_for_mudflow":"0",
    "suit_for_earthquake":"1",
    "suit_for_tsunami":"0",
    "indoor":"1",
    "outdoor":"0",
    "person":157,
    "full_address":"臺北市內湖區星雲街121號"
    }
  },
  {
    "type": "Feature",
    "geometry": {
       "type": "Point",
       "coordinates":  [ 121.6039083,25.0827492 ]
    },
    "properties": {
    "id":292,
    "name":"大湖公園",
    "city":"臺北市",
    "district":"內湖區",
    "village":"秀湖里",
    "address":"成功路五段31號旁",
    "type":"公園/綠地",
    "suit_for_flood":"0",
    "suit_for_mudflow":"0",
    "suit_for_earthquake":"1",
    "suit_for_tsunami":"0",
    "indoor":"0",
    "outdoor":"1",
    "person":2437,
    "full_address":"臺北市內湖區成功路五段31號旁"
    }
  },
  {
    "type": "Feature",
    "geometry": {
       "type": "Point",
       "coordinates":  [ 121.5889951,25.0693633 ]
    },
    "properties": {
    "id":293,
    "name":"內湖區行政大樓",
    "city":"臺北市",
    "district":"內湖區",
    "village":"湖興里",
    "address":"民權東路6段99號8樓",
    "type":"活動中心",
    "suit_for_flood":"1",
    "suit_for_mudflow":"0",
    "suit_for_earthquake":"1",
    "suit_for_tsunami":"0",
    "indoor":"1",
    "outdoor":"0",
    "person":170,
    "full_address":"臺北市內湖區民權東路6段99號8樓"
    }
  },
  {
    "type": "Feature",
    "geometry": {
       "type": "Point",
       "coordinates":  [ 121.5747702,25.0781572 ]
    },
    "properties": {
    "id":294,
    "name":"臺北市內湖運動中心",
    "city":"臺北市",
    "district":"內湖區",
    "village":"港墘里",
    "address":"洲子街12號",
    "type":"體育場館/運動中心",
    "suit_for_flood":"1",
    "suit_for_mudflow":"0",
    "suit_for_earthquake":"1",
    "suit_for_tsunami":"0",
    "indoor":"1",
    "outdoor":"0",
    "person":219,
    "full_address":"臺北市內湖區洲子街12號"
    }
  },
  {
    "type": "Feature",
    "geometry": {
       "type": "Point",
       "coordinates":  [ 121.5865841,25.0778104 ]
    },
    "properties": {
    "id":295,
    "name":"臺北市立內湖高級中學",
    "city":"臺北市",
    "district":"內湖區",
    "village":"紫陽里",
    "address":"文德路218號",
    "type":"學校",
    "suit_for_flood":"0",
    "suit_for_mudflow":"0",
    "suit_for_earthquake":"1",
    "suit_for_tsunami":"0",
    "indoor":"1",
    "outdoor":"0",
    "person":110,
    "full_address":"臺北市內湖區文德路218號"
    }
  },
  {
    "type": "Feature",
    "geometry": {
       "type": "Point",
       "coordinates":  [ 121.5811372,25.0801139 ]
    },
    "properties": {
    "id":296,
    "name":"臺北市內湖區內湖國民小學",
    "city":"臺北市",
    "district":"內湖區",
    "village":"港富里",
    "address":"內湖路二段41號",
    "type":"學校",
    "suit_for_flood":"0",
    "suit_for_mudflow":"0",
    "suit_for_earthquake":"1",
    "suit_for_tsunami":"0",
    "indoor":"1",
    "outdoor":"0",
    "person":150,
    "full_address":"臺北市內湖區內湖路二段41號"
    }
  },
  {
    "type": "Feature",
    "geometry": {
       "type": "Point",
       "coordinates":  [ 121.5751737,25.0791702 ]
    },
    "properties": {
    "id":297,
    "name":"臺北市立內湖高級工業職業學校",
    "city":"臺北市",
    "district":"內湖區",
    "village":"港墘里",
    "address":"內湖路一段520號",
    "type":"學校",
    "suit_for_flood":"1",
    "suit_for_mudflow":"0",
    "suit_for_earthquake":"1",
    "suit_for_tsunami":"0",
    "indoor":"1",
    "outdoor":"0",
    "person":245,
    "full_address":"臺北市內湖區內湖路一段520號"
    }
  },
  {
    "type": "Feature",
    "geometry": {
       "type": "Point",
       "coordinates":  [ 121.6103034,25.0700482 ]
    },
    "properties": {
    "id":298,
    "name":"臺北市立明湖國民中學",
    "city":"臺北市",
    "district":"內湖區",
    "village":"葫洲里",
    "address":"康寧路三段60號",
    "type":"學校",
    "suit_for_flood":"0",
    "suit_for_mudflow":"0",
    "suit_for_earthquake":"1",
    "suit_for_tsunami":"0",
    "indoor":"1",
    "outdoor":"0",
    "person":251,
    "full_address":"臺北市內湖區康寧路三段60號"
    }
  },
  {
    "type": "Feature",
    "geometry": {
       "type": "Point",
       "coordinates":  [ 121.5863535,25.0691685 ]
    },
    "properties": {
    "id":299,
    "name":"臺北市立三民國民中學",
    "city":"臺北市",
    "district":"內湖區",
    "village":"湖興里",
    "address":"民權東路六段45號",
    "type":"學校",
    "suit_for_flood":"0",
    "suit_for_mudflow":"0",
    "suit_for_earthquake":"1",
    "suit_for_tsunami":"0",
    "indoor":"1",
    "outdoor":"0",
    "person":300,
    "full_address":"臺北市內湖區民權東路六段45號"
    }
  },
  {
    "type": "Feature",
    "geometry": {
       "type": "Point",
       "coordinates":  [ 121.6208948,25.0718997 ]
    },
    "properties": {
    "id":300,
    "name":"臺北市立東湖國民中學",
    "city":"臺北市",
    "district":"內湖區",
    "village":"樂康里",
    "address":"康樂街131號",
    "type":"學校",
    "suit_for_flood":"0",
    "suit_for_mudflow":"0",
    "suit_for_earthquake":"1",
    "suit_for_tsunami":"0",
    "indoor":"1",
    "outdoor":"0",
    "person":138,
    "full_address":"臺北市內湖區康樂街131號"
    }
  },
  {
    "type": "Feature",
    "geometry": {
       "type": "Point",
       "coordinates":  [ 121.6160087,25.0690317 ]
    },
    "properties": {
    "id":301,
    "name":"臺北市內湖區東湖國民小學",
    "city":"臺北市",
    "district":"內湖區",
    "village":"東湖里",
    "address":"東湖路115號",
    "type":"學校",
    "suit_for_flood":"0",
    "suit_for_mudflow":"0",
    "suit_for_earthquake":"1",
    "suit_for_tsunami":"0",
    "indoor":"1",
    "outdoor":"0",
    "person":155,
    "full_address":"臺北市內湖區東湖路115號"
    }
  },
  {
    "type": "Feature",
    "geometry": {
       "type": "Point",
       "coordinates":  [ 121.5595814,25.0858788 ]
    },
    "properties": {
    "id":302,
    "name":"臺北市內湖區文湖國民小學",
    "city":"臺北市",
    "district":"內湖區",
    "village":"西康里",
    "address":"文湖街15號",
    "type":"學校",
    "suit_for_flood":"0",
    "suit_for_mudflow":"0",
    "suit_for_earthquake":"1",
    "suit_for_tsunami":"0",
    "indoor":"1",
    "outdoor":"0",
    "person":54,
    "full_address":"臺北市內湖區文湖街15號"
    }
  },
  {
    "type": "Feature",
    "geometry": {
       "type": "Point",
       "coordinates":  [ 121.566568,25.0833134 ]
    },
    "properties": {
    "id":303,
    "name":"臺北市內湖區西湖國民小學",
    "city":"臺北市",
    "district":"內湖區",
    "village":"西湖里",
    "address":"環山路一段25號",
    "type":"學校",
    "suit_for_flood":"1",
    "suit_for_mudflow":"0",
    "suit_for_earthquake":"1",
    "suit_for_tsunami":"0",
    "indoor":"1",
    "outdoor":"0",
    "person":76,
    "full_address":"臺北市內湖區環山路一段25號"
    }
  },
  {
    "type": "Feature",
    "geometry": {
       "type": "Point",
       "coordinates":  [ 121.5660775,25.0854592 ]
    },
    "properties": {
    "id":304,
    "name":"臺北市西湖實驗國民中學",
    "city":"臺北市",
    "district":"內湖區",
    "village":"西湖里",
    "address":"環山路一段27號",
    "type":"學校",
    "suit_for_flood":"1",
    "suit_for_mudflow":"0",
    "suit_for_earthquake":"1",
    "suit_for_tsunami":"0",
    "indoor":"1",
    "outdoor":"0",
    "person":106,
    "full_address":"臺北市內湖區環山路一段27號"
    }
  },
  {
    "type": "Feature",
    "geometry": {
       "type": "Point",
       "coordinates":  [ 121.5895961,25.0779429 ]
    },
    "properties": {
    "id":305,
    "name":"臺北市立內湖國民中學",
    "city":"臺北市",
    "district":"內湖區",
    "village":"紫陽里",
    "address":"陽光街1號",
    "type":"學校",
    "suit_for_flood":"0",
    "suit_for_mudflow":"0",
    "suit_for_earthquake":"1",
    "suit_for_tsunami":"0",
    "indoor":"1",
    "outdoor":"0",
    "person":267,
    "full_address":"臺北市內湖區陽光街1號"
    }
  },
  {
    "type": "Feature",
    "geometry": {
       "type": "Point",
       "coordinates":  [ 121.6110046,25.0716822 ]
    },
    "properties": {
    "id":306,
    "name":"臺北市內湖區明湖國民小學",
    "city":"臺北市",
    "district":"內湖區",
    "village":"明湖里",
    "address":"康寧路三段105號",
    "type":"學校",
    "suit_for_flood":"1",
    "suit_for_mudflow":"0",
    "suit_for_earthquake":"1",
    "suit_for_tsunami":"0",
    "indoor":"1",
    "outdoor":"0",
    "person":137,
    "full_address":"臺北市內湖區康寧路三段105號"
    }
  },
  {
    "type": "Feature",
    "geometry": {
       "type": "Point",
       "coordinates":  [ 121.6100378,25.0664149 ]
    },
    "properties": {
    "id":307,
    "name":"臺北市內湖區南湖高級中學",
    "city":"臺北市",
    "district":"內湖區",
    "village":"南湖里",
    "address":"康寧路三段220號",
    "type":"學校",
    "suit_for_flood":"1",
    "suit_for_mudflow":"0",
    "suit_for_earthquake":"1",
    "suit_for_tsunami":"0",
    "indoor":"1",
    "outdoor":"0",
    "person":150,
    "full_address":"臺北市內湖區康寧路三段220號"
    }
  },
  {
    "type": "Feature",
    "geometry": {
       "type": "Point",
       "coordinates":  [ 121.6106226,25.0680641 ]
    },
    "properties": {
    "id":308,
    "name":"臺北市內湖區南湖國民小學",
    "city":"臺北市",
    "district":"內湖區",
    "village":"南湖里",
    "address":"康寧路三段200號",
    "type":"學校",
    "suit_for_flood":"0",
    "suit_for_mudflow":"0",
    "suit_for_earthquake":"1",
    "suit_for_tsunami":"0",
    "indoor":"1",
    "outdoor":"0",
    "person":400,
    "full_address":"臺北市內湖區康寧路三段200號"
    }
  },
  {
    "type": "Feature",
    "geometry": {
       "type": "Point",
       "coordinates":  [ 121.588768,25.0682051 ]
    },
    "properties": {
    "id":309,
    "name":"臺北市內湖區新湖國民小學",
    "city":"臺北市",
    "district":"內湖區",
    "village":"湖興里",
    "address":"民權東路六段138號",
    "type":"學校",
    "suit_for_flood":"1",
    "suit_for_mudflow":"0",
    "suit_for_earthquake":"1",
    "suit_for_tsunami":"0",
    "indoor":"1",
    "outdoor":"0",
    "person":40,
    "full_address":"臺北市內湖區民權東路六段138號"
    }
  },
  {
    "type": "Feature",
    "geometry": {
       "type": "Point",
       "coordinates":  [ 121.5809783,25.058177 ]
    },
    "properties": {
    "id":310,
    "name":"臺北市內湖區潭美國民小學",
    "city":"臺北市",
    "district":"內湖區",
    "village":"週美里",
    "address":"行善路179號",
    "type":"學校",
    "suit_for_flood":"1",
    "suit_for_mudflow":"0",
    "suit_for_earthquake":"1",
    "suit_for_tsunami":"0",
    "indoor":"1",
    "outdoor":"0",
    "person":81,
    "full_address":"臺北市內湖區行善路179號"
    }
  },
  {
    "type": "Feature",
    "geometry": {
       "type": "Point",
       "coordinates":  [ 121.577376,25.0853192 ]
    },
    "properties": {
    "id":311,
    "name":"臺北市立麗山高級中學",
    "city":"臺北市",
    "district":"內湖區",
    "village":"港華里",
    "address":"環山路二段100號",
    "type":"學校",
    "suit_for_flood":"1",
    "suit_for_mudflow":"0",
    "suit_for_earthquake":"1",
    "suit_for_tsunami":"0",
    "indoor":"1",
    "outdoor":"0",
    "person":60,
    "full_address":"臺北市內湖區環山路二段100號"
    }
  },
  {
    "type": "Feature",
    "geometry": {
       "type": "Point",
       "coordinates":  [ 121.5754245,25.0822234 ]
    },
    "properties": {
    "id":312,
    "name":"臺北市立麗山國民中學",
    "city":"臺北市",
    "district":"內湖區",
    "village":"港都里",
    "address":"內湖路一段629巷42號",
    "type":"學校",
    "suit_for_flood":"1",
    "suit_for_mudflow":"0",
    "suit_for_earthquake":"1",
    "suit_for_tsunami":"0",
    "indoor":"1",
    "outdoor":"0",
    "person":82,
    "full_address":"臺北市內湖區內湖路一段629巷42號"
    }
  },
  {
    "type": "Feature",
    "geometry": {
       "type": "Point",
       "coordinates":  [ 121.5829374,25.0827432 ]
    },
    "properties": {
    "id":313,
    "name":"碧湖公園",
    "city":"臺北市",
    "district":"內湖區",
    "village":"湖濱里",
    "address":"內湖路二段175號,國立台灣戲曲學院旁.",
    "type":"公園/綠地",
    "suit_for_flood":"0",
    "suit_for_mudflow":"0",
    "suit_for_earthquake":"1",
    "suit_for_tsunami":"0",
    "indoor":"0",
    "outdoor":"1",
    "person":552,
    "full_address":"臺北市內湖區內湖路二段175號,國立台灣戲曲學院旁."
    }
  },
  {
    "type": "Feature",
    "geometry": {
       "type": "Point",
       "coordinates":  [ 121.574187,25.0629778 ]
    },
    "properties": {
    "id":314,
    "name":"臺北市市場處臺北市花卉批發市場",
    "city":"臺北市",
    "district":"內湖區",
    "village":"湖元里",
    "address":"臺北市內湖區新湖三路28號",
    "type":"市場/停車場",
    "suit_for_flood":"0",
    "suit_for_mudflow":"0",
    "suit_for_earthquake":"0",
    "suit_for_tsunami":"0",
    "indoor":"0",
    "outdoor":"1",
    "person":756,
    "full_address":"臺北市內湖區臺北市內湖區新湖三路28號"
    }
  },
  {
    "type": "Feature",
    "geometry": {
       "type": "Point",
       "coordinates":  [ 121.575196,25.0800142 ]
    },
    "properties": {
    "id":315,
    "name":"臺北市市場處西湖市場停車場",
    "city":"臺北市",
    "district":"內湖區",
    "village":"西湖里",
    "address":"臺北市內湖區內湖路1段285號",
    "type":"市場/停車場",
    "suit_for_flood":"1",
    "suit_for_mudflow":"0",
    "suit_for_earthquake":"0",
    "suit_for_tsunami":"0",
    "indoor":"1",
    "outdoor":"0",
    "person":3962,
    "full_address":"臺北市內湖區臺北市內湖區內湖路1段285號"
    }
  },
  {
    "type": "Feature",
    "geometry": {
       "type": "Point",
       "coordinates":  [ 121.5683655,25.0823089 ]
    },
    "properties": {
    "id":316,
    "name":"西湖區民活動中心",
    "city":"臺北市",
    "district":"內湖區",
    "village":"西湖里",
    "address":"臺北市內湖區內湖路1段285號7樓",
    "type":"活動中心",
    "suit_for_flood":"1",
    "suit_for_mudflow":"0",
    "suit_for_earthquake":"0",
    "suit_for_tsunami":"0",
    "indoor":"1",
    "outdoor":"0",
    "person":132,
    "full_address":"臺北市內湖區臺北市內湖區內湖路1段285號7樓"
    }
  },
  {
    "type": "Feature",
    "geometry": {
       "type": "Point",
       "coordinates":  [ 121.5750625,25.0867453 ]
    },
    "properties": {
    "id":317,
    "name":"港華區民活動中心",
    "city":"臺北市",
    "district":"內湖區",
    "village":"港華里",
    "address":"臺北市內湖區環山路二段68巷14號",
    "type":"活動中心",
    "suit_for_flood":"0",
    "suit_for_mudflow":"0",
    "suit_for_earthquake":"0",
    "suit_for_tsunami":"0",
    "indoor":"1",
    "outdoor":"0",
    "person":36,
    "full_address":"臺北市內湖區臺北市內湖區環山路二段68巷14號"
    }
  },
  {
    "type": "Feature",
    "geometry": {
       "type": "Point",
       "coordinates":  [ 121.5769795,25.078682 ]
    },
    "properties": {
    "id":318,
    "name":"港墘區民活動中心",
    "city":"臺北市",
    "district":"內湖區",
    "village":"港墘里",
    "address":"臺北市內湖區內湖路一段552號",
    "type":"活動中心",
    "suit_for_flood":"0",
    "suit_for_mudflow":"0",
    "suit_for_earthquake":"0",
    "suit_for_tsunami":"0",
    "indoor":"1",
    "outdoor":"0",
    "person":91,
    "full_address":"臺北市內湖區臺北市內湖區內湖路一段552號"
    }
  },
  {
    "type": "Feature",
    "geometry": {
       "type": "Point",
       "coordinates":  [ 121.5899871,25.0676901 ]
    },
    "properties": {
    "id":319,
    "name":"湖興區民活動中心",
    "city":"臺北市",
    "district":"內湖區",
    "village":"湖興里",
    "address":"臺北市內湖區成功路二段320巷19號3樓",
    "type":"活動中心",
    "suit_for_flood":"1",
    "suit_for_mudflow":"0",
    "suit_for_earthquake":"0",
    "suit_for_tsunami":"0",
    "indoor":"1",
    "outdoor":"0",
    "person":123,
    "full_address":"臺北市內湖區臺北市內湖區成功路二段320巷19號3樓"
    }
  },
  {
    "type": "Feature",
    "geometry": {
       "type": "Point",
       "coordinates":  [ 121.5889951,25.0693633 ]
    },
    "properties": {
    "id":320,
    "name":"臺北市立圖書館內湖分館",
    "city":"臺北市",
    "district":"內湖區",
    "village":"湖興里",
    "address":"臺北市內湖區民權東路六段99號6樓",
    "type":"圖書館",
    "suit_for_flood":"1",
    "suit_for_mudflow":"0",
    "suit_for_earthquake":"0",
    "suit_for_tsunami":"0",
    "indoor":"1",
    "outdoor":"0",
    "person":47,
    "full_address":"臺北市內湖區臺北市內湖區民權東路六段99號6樓"
    }
  },
  {
    "type": "Feature",
    "geometry": {
       "type": "Point",
       "coordinates":  [ 121.5667272,25.0847033 ]
    },
    "properties": {
    "id":321,
    "name":"臺北市立圖書館西中分館",
    "city":"臺北市",
    "district":"內湖區",
    "village":"西湖里",
    "address":"臺北市內湖區內湖路1段285巷66號1-2樓",
    "type":"圖書館",
    "suit_for_flood":"1",
    "suit_for_mudflow":"0",
    "suit_for_earthquake":"0",
    "suit_for_tsunami":"0",
    "indoor":"1",
    "outdoor":"0",
    "person":86,
    "full_address":"臺北市內湖區臺北市內湖區內湖路1段285巷66號1-2樓"
    }
  },
  {
    "type": "Feature",
    "geometry": {
       "type": "Point",
       "coordinates":  [ 121.5772418,25.0786829 ]
    },
    "properties": {
    "id":322,
    "name":"臺北市立圖書館西湖分館",
    "city":"臺北市",
    "district":"內湖區",
    "village":"港墘里",
    "address":"臺北市內湖區內湖路一段594號",
    "type":"圖書館",
    "suit_for_flood":"0",
    "suit_for_mudflow":"0",
    "suit_for_earthquake":"0",
    "suit_for_tsunami":"0",
    "indoor":"1",
    "outdoor":"0",
    "person":230,
    "full_address":"臺北市內湖區臺北市內湖區內湖路一段594號"
    }
  },
  {
    "type": "Feature",
    "geometry": {
       "type": "Point",
       "coordinates":  [ 121.6126031,25.067264 ]
    },
    "properties": {
    "id":323,
    "name":"臺北市立圖書館東湖分館",
    "city":"臺北市",
    "district":"內湖區",
    "village":"五分里",
    "address":"臺北市內湖區五分街6號",
    "type":"圖書館",
    "suit_for_flood":"0",
    "suit_for_mudflow":"0",
    "suit_for_earthquake":"0",
    "suit_for_tsunami":"0",
    "indoor":"1",
    "outdoor":"0",
    "person":577,
    "full_address":"臺北市內湖區臺北市內湖區五分街6號"
    }
  },
  {
    "type": "Feature",
    "geometry": {
       "type": "Point",
       "coordinates":  [ 121.6191733,25.0726326 ]
    },
    "properties": {
    "id":324,
    "name":"樂康區民活動中心",
    "city":"臺北市",
    "district":"內湖區",
    "village":"樂康里",
    "address":"臺北市內湖區康樂街150號6樓之一",
    "type":"活動中心",
    "suit_for_flood":"0",
    "suit_for_mudflow":"0",
    "suit_for_earthquake":"0",
    "suit_for_tsunami":"0",
    "indoor":"1",
    "outdoor":"0",
    "person":100,
    "full_address":"臺北市內湖區臺北市內湖區康樂街150號6樓之一"
    }
  },
  {
    "type": "Feature",
    "geometry": {
       "type": "Point",
       "coordinates":  [ 121.6194866,25.040279 ]
    },
    "properties": {
    "id":325,
    "name":"臺北市南港區舊莊國民小學",
    "city":"臺北市",
    "district":"南港區",
    "village":"舊莊里",
    "address":"舊莊街一段100號",
    "type":"學校",
    "suit_for_flood":"0",
    "suit_for_mudflow":"0",
    "suit_for_earthquake":"1",
    "suit_for_tsunami":"0",
    "indoor":"1",
    "outdoor":"0",
    "person":92,
    "full_address":"臺北市南港區舊莊街一段100號"
    }
  },
  {
    "type": "Feature",
    "geometry": {
       "type": "Point",
       "coordinates":  [ 121.6089662,25.0583526 ]
    },
    "properties": {
    "id":326,
    "name":"臺北市立育成高級中學",
    "city":"臺北市",
    "district":"南港區",
    "village":"南港里",
    "address":"重陽路366號",
    "type":"學校",
    "suit_for_flood":"0",
    "suit_for_mudflow":"0",
    "suit_for_earthquake":"1",
    "suit_for_tsunami":"0",
    "indoor":"1",
    "outdoor":"0",
    "person":318,
    "full_address":"臺北市南港區重陽路366號"
    }
  },
  {
    "type": "Feature",
    "geometry": {
       "type": "Point",
       "coordinates":  [ 121.5944893,25.0521619 ]
    },
    "properties": {
    "id":327,
    "name":"臺北市立南港高級中學",
    "city":"臺北市",
    "district":"南港區",
    "village":"西新里",
    "address":"向陽路21號",
    "type":"學校",
    "suit_for_flood":"0",
    "suit_for_mudflow":"0",
    "suit_for_earthquake":"1",
    "suit_for_tsunami":"0",
    "indoor":"1",
    "outdoor":"0",
    "person":324,
    "full_address":"臺北市南港區向陽路21號"
    }
  },
  {
    "type": "Feature",
    "geometry": {
       "type": "Point",
       "coordinates":  [ 121.5871226,25.0473523 ]
    },
    "properties": {
    "id":328,
    "name":"臺北市南港區成德國民小學",
    "city":"臺北市",
    "district":"南港區",
    "village":"聯成里",
    "address":"東新街65號",
    "type":"學校",
    "suit_for_flood":"0",
    "suit_for_mudflow":"0",
    "suit_for_earthquake":"1",
    "suit_for_tsunami":"0",
    "indoor":"1",
    "outdoor":"0",
    "person":225,
    "full_address":"臺北市南港區東新街65號"
    }
  },
  {
    "type": "Feature",
    "geometry": {
       "type": "Point",
       "coordinates":  [ 121.5881377,25.0444907 ]
    },
    "properties": {
    "id":329,
    "name":"臺北市立成德國民中學",
    "city":"臺北市",
    "district":"南港區",
    "village":"成福里",
    "address":"東新街108巷23號",
    "type":"學校",
    "suit_for_flood":"0",
    "suit_for_mudflow":"0",
    "suit_for_earthquake":"1",
    "suit_for_tsunami":"0",
    "indoor":"1",
    "outdoor":"0",
    "person":92,
    "full_address":"臺北市南港區東新街108巷23號"
    }
  },
  {
    "type": "Feature",
    "geometry": {
       "type": "Point",
       "coordinates":  [ 121.59119,25.0456843 ]
    },
    "properties": {
    "id":330,
    "name":"南港公園",
    "city":"臺北市",
    "district":"南港區",
    "village":"成福里",
    "address":"東新街170-1號",
    "type":"公園/綠地",
    "suit_for_flood":"0",
    "suit_for_mudflow":"0",
    "suit_for_earthquake":"1",
    "suit_for_tsunami":"0",
    "indoor":"0",
    "outdoor":"1",
    "person":8655,
    "full_address":"臺北市南港區東新街170-1號"
    }
  },
  {
    "type": "Feature",
    "geometry": {
       "type": "Point",
       "coordinates":  [ 121.5818826,25.0488814 ]
    },
    "properties": {
    "id":331,
    "name":"臺北市南港運動中心",
    "city":"臺北市",
    "district":"南港區",
    "village":"合成里",
    "address":"玉成街69號",
    "type":"體育場館/運動中心",
    "suit_for_flood":"0",
    "suit_for_mudflow":"0",
    "suit_for_earthquake":"1",
    "suit_for_tsunami":"0",
    "indoor":"1",
    "outdoor":"0",
    "person":240,
    "full_address":"臺北市南港區玉成街69號"
    }
  },
  {
    "type": "Feature",
    "geometry": {
       "type": "Point",
       "coordinates":  [ 121.6073665,25.0518745 ]
    },
    "properties": {
    "id":332,
    "name":"臺北市極限運動訓練中心",
    "city":"臺北市",
    "district":"南港區",
    "village":"中南里",
    "address":"忠孝東路七段382號",
    "type":"體育場館/運動中心",
    "suit_for_flood":"1",
    "suit_for_mudflow":"0",
    "suit_for_earthquake":"1",
    "suit_for_tsunami":"0",
    "indoor":"1",
    "outdoor":"0",
    "person":50,
    "full_address":"臺北市南港區忠孝東路七段382號"
    }
  },
  {
    "type": "Feature",
    "geometry": {
       "type": "Point",
       "coordinates":  [ 121.5935424,25.0537916 ]
    },
    "properties": {
    "id":333,
    "name":"臺北市南港區玉成國民小學",
    "city":"臺北市",
    "district":"南港區",
    "village":"西新里",
    "address":"向陽路31號",
    "type":"學校",
    "suit_for_flood":"0",
    "suit_for_mudflow":"0",
    "suit_for_earthquake":"1",
    "suit_for_tsunami":"0",
    "indoor":"1",
    "outdoor":"0",
    "person":30,
    "full_address":"臺北市南港區向陽路31號"
    }
  },
  {
    "type": "Feature",
    "geometry": {
       "type": "Point",
       "coordinates":  [ 121.6023271,25.0559826 ]
    },
    "properties": {
    "id":334,
    "name":"臺北市南港區東新國民小學",
    "city":"臺北市",
    "district":"南港區",
    "village":"東新里",
    "address":"興南街62號",
    "type":"學校",
    "suit_for_flood":"0",
    "suit_for_mudflow":"0",
    "suit_for_earthquake":"1",
    "suit_for_tsunami":"0",
    "indoor":"1",
    "outdoor":"0",
    "person":45,
    "full_address":"臺北市南港區興南街62號"
    }
  },
  {
    "type": "Feature",
    "geometry": {
       "type": "Point",
       "coordinates":  [ 121.6072858,25.0577989 ]
    },
    "properties": {
    "id":335,
    "name":"臺北市立南港高級工業職業學校",
    "city":"臺北市",
    "district":"南港區",
    "village":"南港里",
    "address":"興中路29號",
    "type":"學校",
    "suit_for_flood":"1",
    "suit_for_mudflow":"0",
    "suit_for_earthquake":"1",
    "suit_for_tsunami":"0",
    "indoor":"1",
    "outdoor":"0",
    "person":160,
    "full_address":"臺北市南港區興中路29號"
    }
  },
  {
    "type": "Feature",
    "geometry": {
       "type": "Point",
       "coordinates":  [ 121.6108383,25.0574964 ]
    },
    "properties": {
    "id":336,
    "name":"臺北市南港區南港國民小學",
    "city":"臺北市",
    "district":"南港區",
    "village":"三重里",
    "address":"惠民街67號",
    "type":"學校",
    "suit_for_flood":"1",
    "suit_for_mudflow":"0",
    "suit_for_earthquake":"1",
    "suit_for_tsunami":"0",
    "indoor":"1",
    "outdoor":"0",
    "person":50,
    "full_address":"臺北市南港區惠民街67號"
    }
  },
  {
    "type": "Feature",
    "geometry": {
       "type": "Point",
       "coordinates":  [ 121.617435,25.0425192 ]
    },
    "properties": {
    "id":337,
    "name":"臺北市南港區胡適國民小學",
    "city":"臺北市",
    "district":"南港區",
    "village":"中研里",
    "address":"舊莊街一段1號",
    "type":"學校",
    "suit_for_flood":"1",
    "suit_for_mudflow":"0",
    "suit_for_earthquake":"1",
    "suit_for_tsunami":"0",
    "indoor":"1",
    "outdoor":"0",
    "person":225,
    "full_address":"臺北市南港區舊莊街一段1號"
    }
  },
  {
    "type": "Feature",
    "geometry": {
       "type": "Point",
       "coordinates":  [ 121.6187833,25.0542429 ]
    },
    "properties": {
    "id":338,
    "name":"臺北市誠正國民中學",
    "city":"臺北市",
    "district":"南港區",
    "village":"新富里",
    "address":"富康街1巷24號",
    "type":"學校",
    "suit_for_flood":"0",
    "suit_for_mudflow":"0",
    "suit_for_earthquake":"1",
    "suit_for_tsunami":"0",
    "indoor":"1",
    "outdoor":"0",
    "person":143,
    "full_address":"臺北市南港區富康街1巷24號"
    }
  },
  {
    "type": "Feature",
    "geometry": {
       "type": "Point",
       "coordinates":  [ 121.5892626,25.0448591 ]
    },
    "properties": {
    "id":339,
    "name":"臺北市南港區修德國民小學",
    "city":"臺北市",
    "district":"南港區",
    "village":"成福里",
    "address":"東新街118巷86號",
    "type":"學校",
    "suit_for_flood":"0",
    "suit_for_mudflow":"0",
    "suit_for_earthquake":"1",
    "suit_for_tsunami":"0",
    "indoor":"1",
    "outdoor":"0",
    "person":95,
    "full_address":"臺北市南港區東新街118巷86號"
    }
  },
  {
    "type": "Feature",
    "geometry": {
       "type": "Point",
       "coordinates":  [ 121.5849826,25.0425542 ]
    },
    "properties": {
    "id":340,
    "name":"玉成公園",
    "city":"臺北市",
    "district":"南港區",
    "village":"鴻福里",
    "address":"中坡南路55號",
    "type":"公園/綠地",
    "suit_for_flood":"0",
    "suit_for_mudflow":"0",
    "suit_for_earthquake":"1",
    "suit_for_tsunami":"0",
    "indoor":"0",
    "outdoor":"1",
    "person":3523,
    "full_address":"臺北市南港區中坡南路55號"
    }
  },
  {
    "type": "Feature",
    "geometry": {
       "type": "Point",
       "coordinates":  [ 121.6145488,25.0453663 ]
    },
    "properties": {
    "id":341,
    "name":"臺北市市場處中研市場地下停車場\n",
    "city":"臺北市",
    "district":"南港區",
    "village":"中研里",
    "address":"臺北市南港區研究院路二段70巷12號",
    "type":"市場/停車場",
    "suit_for_flood":"0",
    "suit_for_mudflow":"0",
    "suit_for_earthquake":"0",
    "suit_for_tsunami":"0",
    "indoor":"1",
    "outdoor":"0",
    "person":100,
    "full_address":"臺北市南港區臺北市南港區研究院路二段70巷12號"
    }
  },
  {
    "type": "Feature",
    "geometry": {
       "type": "Point",
       "coordinates":  [ 121.6172089,25.0371939 ]
    },
    "properties": {
    "id":342,
    "name":"南港展覽館站",
    "city":"臺北市",
    "district":"南港區",
    "village":"新富里",
    "address":"臺北市南港區研究院路1段1號",
    "type":"捷運站體",
    "suit_for_flood":"0",
    "suit_for_mudflow":"0",
    "suit_for_earthquake":"0",
    "suit_for_tsunami":"0",
    "indoor":"1",
    "outdoor":"0",
    "person":1091,
    "full_address":"臺北市南港區臺北市南港區研究院路1段1號"
    }
  },
  {
    "type": "Feature",
    "geometry": {
       "type": "Point",
       "coordinates":  [ 121.6060558,25.0525124 ]
    },
    "properties": {
    "id":343,
    "name":"南港轉運站西站",
    "city":"臺北市",
    "district":"南港區",
    "village":"中南里",
    "address":"臺北市南港區忠孝東路7段359號",
    "type":"捷運站體",
    "suit_for_flood":"1",
    "suit_for_mudflow":"0",
    "suit_for_earthquake":"0",
    "suit_for_tsunami":"0",
    "indoor":"1",
    "outdoor":"0",
    "person":748,
    "full_address":"臺北市南港區臺北市南港區忠孝東路7段359號"
    }
  },
  {
    "type": "Feature",
    "geometry": {
       "type": "Point",
       "coordinates":  [ 121.6080403,25.0549316 ]
    },
    "properties": {
    "id":344,
    "name":"臺北市立圖書館南港分館",
    "city":"臺北市",
    "district":"南港區",
    "village":"南港里",
    "address":"臺北市南港區南港路一段350號",
    "type":"圖書館",
    "suit_for_flood":"0",
    "suit_for_mudflow":"0",
    "suit_for_earthquake":"0",
    "suit_for_tsunami":"0",
    "indoor":"1",
    "outdoor":"0",
    "person":391,
    "full_address":"臺北市南港區臺北市南港區南港路一段350號"
    }
  },
  {
    "type": "Feature",
    "geometry": {
       "type": "Point",
       "coordinates":  [ 121.6194827,25.041307 ]
    },
    "properties": {
    "id":345,
    "name":"臺北市立圖書館舊莊分館",
    "city":"臺北市",
    "district":"南港區",
    "village":"舊莊里",
    "address":"臺北市南港區舊莊街一段91巷11號2-5樓",
    "type":"圖書館",
    "suit_for_flood":"0",
    "suit_for_mudflow":"0",
    "suit_for_earthquake":"0",
    "suit_for_tsunami":"0",
    "indoor":"1",
    "outdoor":"0",
    "person":107,
    "full_address":"臺北市南港區臺北市南港區舊莊街一段91巷11號2-5樓"
    }
  },
  {
    "type": "Feature",
    "geometry": {
       "type": "Point",
       "coordinates":  [ 121.5983165,25.0527719 ]
    },
    "properties": {
    "id":346,
    "name":"臺北流行音樂中心",
    "city":"臺北市",
    "district":"南港區",
    "village":"東明里",
    "address":"臺北市南港區市民大道八段99號",
    "type":"藝術中心",
    "suit_for_flood":"0",
    "suit_for_mudflow":"0",
    "suit_for_earthquake":"0",
    "suit_for_tsunami":"0",
    "indoor":"1",
    "outdoor":"0",
    "person":1278,
    "full_address":"臺北市南港區臺北市南港區市民大道八段99號"
    }
  },
  {
    "type": "Feature",
    "geometry": {
       "type": "Point",
       "coordinates":  [ 121.5436013,24.9966064 ]
    },
    "properties": {
    "id":347,
    "name":"臺北市立景興國民中學",
    "city":"臺北市",
    "district":"文山區",
    "village":"景華里",
    "address":"景興路46巷2號",
    "type":"學校",
    "suit_for_flood":"0",
    "suit_for_mudflow":"0",
    "suit_for_earthquake":"1",
    "suit_for_tsunami":"0",
    "indoor":"1",
    "outdoor":"0",
    "person":169,
    "full_address":"臺北市文山區景興路46巷2號"
    }
  },
  {
    "type": "Feature",
    "geometry": {
       "type": "Point",
       "coordinates":  [ 121.5763174,24.9899038 ]
    },
    "properties": {
    "id":348,
    "name":"臺北市文山區萬興國民小學",
    "city":"臺北市",
    "district":"文山區",
    "village":"萬興里",
    "address":"秀明路二段114號",
    "type":"學校",
    "suit_for_flood":"0",
    "suit_for_mudflow":"0",
    "suit_for_earthquake":"1",
    "suit_for_tsunami":"0",
    "indoor":"1",
    "outdoor":"0",
    "person":152,
    "full_address":"臺北市文山區秀明路二段114號"
    }
  },
  {
    "type": "Feature",
    "geometry": {
       "type": "Point",
       "coordinates":  [ 121.5488258,24.9962095 ]
    },
    "properties": {
    "id":349,
    "name":"臺北市文山區景興國民小學",
    "city":"臺北市",
    "district":"文山區",
    "village":"興安里",
    "address":"景華街150巷21號",
    "type":"學校",
    "suit_for_flood":"0",
    "suit_for_mudflow":"0",
    "suit_for_earthquake":"1",
    "suit_for_tsunami":"0",
    "indoor":"1",
    "outdoor":"0",
    "person":158,
    "full_address":"臺北市文山區景華街150巷21號"
    }
  },
  {
    "type": "Feature",
    "geometry": {
       "type": "Point",
       "coordinates":  [ 113.86868,28.65847 ]
    },
    "properties": {
    "id":350,
    "name":"景華公園",
    "city":"臺北市",
    "district":"文山區",
    "village":"景華里",
    "address":"景興路與景華街交义口",
    "type":"公園/綠地",
    "suit_for_flood":"0",
    "suit_for_mudflow":"0",
    "suit_for_earthquake":"1",
    "suit_for_tsunami":"0",
    "indoor":"0",
    "outdoor":"1",
    "person":1347,
    "full_address":"臺北市文山區景興路與景華街交义口"
    }
  },
  {
    "type": "Feature",
    "geometry": {
       "type": "Point",
       "coordinates":  [ 121.5700826,24.98964 ]
    },
    "properties": {
    "id":351,
    "name":"行政中心大禮堂",
    "city":"臺北市",
    "district":"文山區",
    "village":"木新里",
    "address":"木柵路三段220號10樓",
    "type":"活動中心",
    "suit_for_flood":"1",
    "suit_for_mudflow":"0",
    "suit_for_earthquake":"0",
    "suit_for_tsunami":"0",
    "indoor":"1",
    "outdoor":"0",
    "person":60,
    "full_address":"臺北市文山區木柵路三段220號10樓"
    }
  },
  {
    "type": "Feature",
    "geometry": {
       "type": "Point",
       "coordinates":  [ 121.5592325,24.9970954 ]
    },
    "properties": {
    "id":352,
    "name":"臺北市文山運動中心",
    "city":"臺北市",
    "district":"文山區",
    "village":"興得里",
    "address":"興隆路三段222號",
    "type":"體育場館/運動中心",
    "suit_for_flood":"1",
    "suit_for_mudflow":"0",
    "suit_for_earthquake":"1",
    "suit_for_tsunami":"0",
    "indoor":"1",
    "outdoor":"0",
    "person":189,
    "full_address":"臺北市文山區興隆路三段222號"
    }
  },
  {
    "type": "Feature",
    "geometry": {
       "type": "Point",
       "coordinates":  [ 121.5610887,24.9809373 ]
    },
    "properties": {
    "id":353,
    "name":"臺北市文山區力行國民小學",
    "city":"臺北市",
    "district":"文山區",
    "village":"樟腳里",
    "address":"木新路三段155巷7號",
    "type":"學校",
    "suit_for_flood":"0",
    "suit_for_mudflow":"0",
    "suit_for_earthquake":"1",
    "suit_for_tsunami":"0",
    "indoor":"1",
    "outdoor":"0",
    "person":60,
    "full_address":"臺北市文山區木新路三段155巷7號"
    }
  },
  {
    "type": "Feature",
    "geometry": {
       "type": "Point",
       "coordinates":  [ 121.571785,24.9966074 ]
    },
    "properties": {
    "id":354,
    "name":"臺北市立木柵高級工業職業學校",
    "city":"臺北市",
    "district":"文山區",
    "village":"博嘉里",
    "address":"木柵路四段77號",
    "type":"學校",
    "suit_for_flood":"1",
    "suit_for_mudflow":"0",
    "suit_for_earthquake":"1",
    "suit_for_tsunami":"0",
    "indoor":"1",
    "outdoor":"0",
    "person":169,
    "full_address":"臺北市文山區木柵路四段77號"
    }
  },
  {
    "type": "Feature",
    "geometry": {
       "type": "Point",
       "coordinates":  [ 121.5700674,24.9902241 ]
    },
    "properties": {
    "id":355,
    "name":"臺北市文山區木柵國民小學",
    "city":"臺北市",
    "district":"文山區",
    "village":"木柵里",
    "address":"木柵路三段191號",
    "type":"學校",
    "suit_for_flood":"0",
    "suit_for_mudflow":"0",
    "suit_for_earthquake":"1",
    "suit_for_tsunami":"0",
    "indoor":"1",
    "outdoor":"0",
    "person":155,
    "full_address":"臺北市文山區木柵路三段191號"
    }
  },
  {
    "type": "Feature",
    "geometry": {
       "type": "Point",
       "coordinates":  [ 121.5676434,24.9874125 ]
    },
    "properties": {
    "id":356,
    "name":"臺北市立木柵國民中學",
    "city":"臺北市",
    "district":"文山區",
    "village":"木柵里",
    "address":"木柵路三段102巷12號",
    "type":"學校",
    "suit_for_flood":"1",
    "suit_for_mudflow":"0",
    "suit_for_earthquake":"1",
    "suit_for_tsunami":"0",
    "indoor":"1",
    "outdoor":"0",
    "person":56,
    "full_address":"臺北市文山區木柵路三段102巷12號"
    }
  },
  {
    "type": "Feature",
    "geometry": {
       "type": "Point",
       "coordinates":  [ 121.5791061,24.9847679 ]
    },
    "properties": {
    "id":357,
    "name":"臺北市立北政國民中學",
    "city":"臺北市",
    "district":"文山區",
    "village":"指南里",
    "address":"指南路三段2巷14號",
    "type":"學校",
    "suit_for_flood":"0",
    "suit_for_mudflow":"0",
    "suit_for_earthquake":"1",
    "suit_for_tsunami":"0",
    "indoor":"1",
    "outdoor":"0",
    "person":30,
    "full_address":"臺北市文山區指南路三段2巷14號"
    }
  },
  {
    "type": "Feature",
    "geometry": {
       "type": "Point",
       "coordinates":  [ 121.5556248,24.9887608 ]
    },
    "properties": {
    "id":358,
    "name":"臺北市文山區永建國民小學",
    "city":"臺北市",
    "district":"文山區",
    "village":"華興里",
    "address":"試院路2號\n木柵路一段311巷1號",
    "type":"學校",
    "suit_for_flood":"1",
    "suit_for_mudflow":"0",
    "suit_for_earthquake":"1",
    "suit_for_tsunami":"0",
    "indoor":"1",
    "outdoor":"0",
    "person":175,
    "full_address":"臺北市文山區試院路2號\n木柵路一段311巷1號"
    }
  },
  {
    "type": "Feature",
    "geometry": {
       "type": "Point",
       "coordinates":  [ 121.538972,24.9985731 ]
    },
    "properties": {
    "id":359,
    "name":"臺北巿文山區志清國民小學",
    "city":"臺北市",
    "district":"文山區",
    "village":"景仁里",
    "address":"景福街21巷5號",
    "type":"學校",
    "suit_for_flood":"0",
    "suit_for_mudflow":"0",
    "suit_for_earthquake":"1",
    "suit_for_tsunami":"0",
    "indoor":"1",
    "outdoor":"0",
    "person":66,
    "full_address":"臺北市文山區景福街21巷5號"
    }
  },
  {
    "type": "Feature",
    "geometry": {
       "type": "Point",
       "coordinates":  [ 121.5591322,25.0064326 ]
    },
    "properties": {
    "id":360,
    "name":"臺北巿文山區辛亥國民小學",
    "city":"臺北市",
    "district":"文山區",
    "village":"興昌里",
    "address":"辛亥路四段103號",
    "type":"學校",
    "suit_for_flood":"1",
    "suit_for_mudflow":"0",
    "suit_for_earthquake":"1",
    "suit_for_tsunami":"0",
    "indoor":"1",
    "outdoor":"0",
    "person":144,
    "full_address":"臺北市文山區辛亥路四段103號"
    }
  },
  {
    "type": "Feature",
    "geometry": {
       "type": "Point",
       "coordinates":  [ 121.5627635,24.9873763 ]
    },
    "properties": {
    "id":361,
    "name":"臺北巿文山區明道國民小學",
    "city":"臺北市",
    "district":"文山區",
    "village":"明義里",
    "address":"木柵路二段138巷61號",
    "type":"學校",
    "suit_for_flood":"0",
    "suit_for_mudflow":"0",
    "suit_for_earthquake":"1",
    "suit_for_tsunami":"0",
    "indoor":"1",
    "outdoor":"0",
    "person":500,
    "full_address":"臺北市文山區木柵路二段138巷61號"
    }
  },
  {
    "type": "Feature",
    "geometry": {
       "type": "Point",
       "coordinates":  [ 121.5402848,25.0039556 ]
    },
    "properties": {
    "id":362,
    "name":"臺北市文山區武功國民小學",
    "city":"臺北市",
    "district":"文山區",
    "village":"萬祥里",
    "address":"興隆路一段68號",
    "type":"學校",
    "suit_for_flood":"0",
    "suit_for_mudflow":"0",
    "suit_for_earthquake":"1",
    "suit_for_tsunami":"0",
    "indoor":"1",
    "outdoor":"0",
    "person":315,
    "full_address":"臺北市文山區興隆路一段68號"
    }
  },
  {
    "type": "Feature",
    "geometry": {
       "type": "Point",
       "coordinates":  [ 121.5836353,24.9763942 ]
    },
    "properties": {
    "id":363,
    "name":"臺北市指南實驗國民小學",
    "city":"臺北市",
    "district":"文山區",
    "village":"指南里",
    "address":"指南路三段38巷5-2號",
    "type":"學校",
    "suit_for_flood":"0",
    "suit_for_mudflow":"0",
    "suit_for_earthquake":"1",
    "suit_for_tsunami":"0",
    "indoor":"1",
    "outdoor":"0",
    "person":30,
    "full_address":"臺北市文山區指南路三段38巷5-2號"
    }
  },
  {
    "type": "Feature",
    "geometry": {
       "type": "Point",
       "coordinates":  [ 121.5757422,25.001798 ]
    },
    "properties": {
    "id":364,
    "name":"臺北市博嘉實驗國民小學",
    "city":"臺北市",
    "district":"文山區",
    "village":"博嘉里",
    "address":"木柵路四段159巷14-1號",
    "type":"學校",
    "suit_for_flood":"1",
    "suit_for_mudflow":"0",
    "suit_for_earthquake":"1",
    "suit_for_tsunami":"0",
    "indoor":"1",
    "outdoor":"0",
    "person":30,
    "full_address":"臺北市文山區木柵路四段159巷14-1號"
    }
  },
  {
    "type": "Feature",
    "geometry": {
       "type": "Point",
       "coordinates":  [ 121.5560317,24.9806925 ]
    },
    "properties": {
    "id":365,
    "name":"臺北市立景美女子高級中學",
    "city":"臺北市",
    "district":"文山區",
    "village":"樟文里",
    "address":"木新路三段312號",
    "type":"學校",
    "suit_for_flood":"0",
    "suit_for_mudflow":"0",
    "suit_for_earthquake":"1",
    "suit_for_tsunami":"0",
    "indoor":"1",
    "outdoor":"0",
    "person":300,
    "full_address":"臺北市文山區木新路三段312號"
    }
  },
  {
    "type": "Feature",
    "geometry": {
       "type": "Point",
       "coordinates":  [ 121.5406108,24.9894202 ]
    },
    "properties": {
    "id":366,
    "name":"臺北市文山區景美國民小學",
    "city":"臺北市",
    "district":"文山區",
    "village":"景行里",
    "address":"景文街108號",
    "type":"學校",
    "suit_for_flood":"0",
    "suit_for_mudflow":"0",
    "suit_for_earthquake":"1",
    "suit_for_tsunami":"0",
    "indoor":"1",
    "outdoor":"0",
    "person":74,
    "full_address":"臺北市文山區景文街108號"
    }
  },
  {
    "type": "Feature",
    "geometry": {
       "type": "Point",
       "coordinates":  [ 121.543573,24.9936282 ]
    },
    "properties": {
    "id":367,
    "name":"臺北市立景美國民中學",
    "city":"臺北市",
    "district":"文山區",
    "village":"景華里",
    "address":"景中街27號",
    "type":"學校",
    "suit_for_flood":"1",
    "suit_for_mudflow":"0",
    "suit_for_earthquake":"1",
    "suit_for_tsunami":"0",
    "indoor":"1",
    "outdoor":"0",
    "person":80,
    "full_address":"臺北市文山區景中街27號"
    }
  },
  {
    "type": "Feature",
    "geometry": {
       "type": "Point",
       "coordinates":  [ 121.5388345,24.9944362 ]
    },
    "properties": {
    "id":368,
    "name":"臺北市文山區溪口國民小學",
    "city":"臺北市",
    "district":"文山區",
    "village":"景慶里",
    "address":"景福街225號",
    "type":"學校",
    "suit_for_flood":"1",
    "suit_for_mudflow":"0",
    "suit_for_earthquake":"1",
    "suit_for_tsunami":"0",
    "indoor":"1",
    "outdoor":"0",
    "person":90,
    "full_address":"臺北市文山區景福街225號"
    }
  },
  {
    "type": "Feature",
    "geometry": {
       "type": "Point",
       "coordinates":  [ 121.5597342,25.0022299 ]
    },
    "properties": {
    "id":369,
    "name":"臺北市立萬芳高級中學",
    "city":"臺北市",
    "district":"文山區",
    "village":"興光里",
    "address":"興隆路三段115巷1號",
    "type":"學校",
    "suit_for_flood":"0",
    "suit_for_mudflow":"0",
    "suit_for_earthquake":"1",
    "suit_for_tsunami":"0",
    "indoor":"1",
    "outdoor":"0",
    "person":131,
    "full_address":"臺北市文山區興隆路三段115巷1號"
    }
  },
  {
    "type": "Feature",
    "geometry": {
       "type": "Point",
       "coordinates":  [ 121.5675687,25.0009543 ]
    },
    "properties": {
    "id":370,
    "name":"臺北市文山區萬芳國民小學",
    "city":"臺北市",
    "district":"文山區",
    "village":"萬芳里",
    "address":"萬和街1號",
    "type":"學校",
    "suit_for_flood":"0",
    "suit_for_mudflow":"0",
    "suit_for_earthquake":"1",
    "suit_for_tsunami":"0",
    "indoor":"1",
    "outdoor":"0",
    "person":135,
    "full_address":"臺北市文山區萬和街1號"
    }
  },
  {
    "type": "Feature",
    "geometry": {
       "type": "Point",
       "coordinates":  [ 121.5385241,25.0044748 ]
    },
    "properties": {
    "id":371,
    "name":"臺北市立萬福國民小學",
    "city":"臺北市",
    "district":"文山區",
    "village":"萬年里",
    "address":"羅斯福五段170巷32號",
    "type":"學校",
    "suit_for_flood":"0",
    "suit_for_mudflow":"0",
    "suit_for_earthquake":"1",
    "suit_for_tsunami":"0",
    "indoor":"1",
    "outdoor":"0",
    "person":32,
    "full_address":"臺北市文山區羅斯福五段170巷32號"
    }
  },
  {
    "type": "Feature",
    "geometry": {
       "type": "Point",
       "coordinates":  [ 121.5580124,24.9833603 ]
    },
    "properties": {
    "id":372,
    "name":"臺北市文山區實踐國民小學",
    "city":"臺北市",
    "district":"文山區",
    "village":"樟文里",
    "address":"忠順街一段4號",
    "type":"學校",
    "suit_for_flood":"0",
    "suit_for_mudflow":"0",
    "suit_for_earthquake":"1",
    "suit_for_tsunami":"0",
    "indoor":"1",
    "outdoor":"0",
    "person":75,
    "full_address":"臺北市文山區忠順街一段4號"
    }
  },
  {
    "type": "Feature",
    "geometry": {
       "type": "Point",
       "coordinates":  [ 121.5547619,24.9834247 ]
    },
    "properties": {
    "id":373,
    "name":"臺北市立實踐國民中學",
    "city":"臺北市",
    "district":"文山區",
    "village":"樟林里",
    "address":"辛亥路七段67號",
    "type":"學校",
    "suit_for_flood":"0",
    "suit_for_mudflow":"0",
    "suit_for_earthquake":"1",
    "suit_for_tsunami":"0",
    "indoor":"1",
    "outdoor":"0",
    "person":300,
    "full_address":"臺北市文山區辛亥路七段67號"
    }
  },
  {
    "type": "Feature",
    "geometry": {
       "type": "Point",
       "coordinates":  [ 121.5592917,24.9999602 ]
    },
    "properties": {
    "id":374,
    "name":"臺北市文山區興華國民小學",
    "city":"臺北市",
    "district":"文山區",
    "village":"興光里",
    "address":"興隆路三段125巷6號",
    "type":"學校",
    "suit_for_flood":"0",
    "suit_for_mudflow":"0",
    "suit_for_earthquake":"1",
    "suit_for_tsunami":"0",
    "indoor":"1",
    "outdoor":"0",
    "person":30,
    "full_address":"臺北市文山區興隆路三段125巷6號"
    }
  },
  {
    "type": "Feature",
    "geometry": {
       "type": "Point",
       "coordinates":  [ 121.5521642,25.0025499 ]
    },
    "properties": {
    "id":375,
    "name":"臺北市文山區興隆國民小學",
    "city":"臺北市",
    "district":"文山區",
    "village":"興旺里",
    "address":"福興路2號",
    "type":"學校",
    "suit_for_flood":"1",
    "suit_for_mudflow":"0",
    "suit_for_earthquake":"1",
    "suit_for_tsunami":"0",
    "indoor":"1",
    "outdoor":"0",
    "person":133,
    "full_address":"臺北市文山區福興路2號"
    }
  },
  {
    "type": "Feature",
    "geometry": {
       "type": "Point",
       "coordinates":  [ 121.5499429,25.0049411 ]
    },
    "properties": {
    "id":376,
    "name":"臺北市立興福國民中學",
    "city":"臺北市",
    "district":"文山區",
    "village":"興旺里",
    "address":"福興路80號",
    "type":"學校",
    "suit_for_flood":"0",
    "suit_for_mudflow":"0",
    "suit_for_earthquake":"1",
    "suit_for_tsunami":"0",
    "indoor":"1",
    "outdoor":"0",
    "person":300,
    "full_address":"臺北市文山區福興路80號"
    }
  },
  {
    "type": "Feature",
    "geometry": {
       "type": "Point",
       "coordinates":  [ 121.5507474,25.0017376 ]
    },
    "properties": {
    "id":377,
    "name":"臺北市文山區興德國民小學",
    "city":"臺北市",
    "district":"文山區",
    "village":"興邦里",
    "address":"興隆路二段235號",
    "type":"學校",
    "suit_for_flood":"1",
    "suit_for_mudflow":"0",
    "suit_for_earthquake":"1",
    "suit_for_tsunami":"0",
    "indoor":"1",
    "outdoor":"0",
    "person":30,
    "full_address":"臺北市文山區興隆路二段235號"
    }
  },
  {
    "type": "Feature",
    "geometry": {
       "type": "Point",
       "coordinates":  [ 121.5514917,25.0009119 ]
    },
    "properties": {
    "id":378,
    "name":"興隆公園",
    "city":"臺北市",
    "district":"文山區",
    "village":"興業里",
    "address":"興隆路二段154巷與仙岩路交叉口.",
    "type":"公園/綠地",
    "suit_for_flood":"1",
    "suit_for_mudflow":"0",
    "suit_for_earthquake":"1",
    "suit_for_tsunami":"0",
    "indoor":"0",
    "outdoor":"1",
    "person":1290,
    "full_address":"臺北市文山區興隆路二段154巷與仙岩路交叉口."
    }
  },
  {
    "type": "Feature",
    "geometry": {
       "type": "Point",
       "coordinates":  [ 121.5692133,24.9885632 ]
    },
    "properties": {
    "id":379,
    "name":"臺北市市場處木柵市場地下停車場",
    "city":"臺北市",
    "district":"文山區",
    "village":"木新里",
    "address":"臺北市文山區保儀路13巷3號",
    "type":"市場/停車場",
    "suit_for_flood":"1",
    "suit_for_mudflow":"0",
    "suit_for_earthquake":"0",
    "suit_for_tsunami":"0",
    "indoor":"1",
    "outdoor":"0",
    "person":315,
    "full_address":"臺北市文山區臺北市文山區保儀路13巷3號"
    }
  },
  {
    "type": "Feature",
    "geometry": {
       "type": "Point",
       "coordinates":  [ 121.5575135,24.9815419 ]
    },
    "properties": {
    "id":380,
    "name":"臺北市市場處木新市場地下停車場",
    "city":"臺北市",
    "district":"文山區",
    "village":"樟文里",
    "address":"臺北市文山區木新路三段310巷4號",
    "type":"市場/停車場",
    "suit_for_flood":"0",
    "suit_for_mudflow":"0",
    "suit_for_earthquake":"0",
    "suit_for_tsunami":"0",
    "indoor":"1",
    "outdoor":"0",
    "person":450,
    "full_address":"臺北市文山區臺北市文山區木新路三段310巷4號"
    }
  },
  {
    "type": "Feature",
    "geometry": {
       "type": "Point",
       "coordinates":  [ 121.5575135,24.9815419 ]
    },
    "properties": {
    "id":381,
    "name":"木新區民活動中心(暫停用)",
    "city":"臺北市",
    "district":"文山區",
    "village":"樟文里",
    "address":"臺北市文山區木新路三段310巷4號2樓、2樓之1",
    "type":"活動中心",
    "suit_for_flood":"0",
    "suit_for_mudflow":"0",
    "suit_for_earthquake":"0",
    "suit_for_tsunami":"0",
    "indoor":"0",
    "outdoor":"0",
    "person":204,
    "full_address":"臺北市文山區臺北市文山區木新路三段310巷4號2樓、2樓之1"
    }
  },
  {
    "type": "Feature",
    "geometry": {
       "type": "Point",
       "coordinates":  [ 121.5510491,24.9878174 ]
    },
    "properties": {
    "id":382,
    "name":"永建區民活動中心(暫停用)",
    "city":"臺北市",
    "district":"文山區",
    "village":"華興里",
    "address":"臺北市文山區木柵路一段177號3樓之1",
    "type":"活動中心",
    "suit_for_flood":"1",
    "suit_for_mudflow":"0",
    "suit_for_earthquake":"0",
    "suit_for_tsunami":"0",
    "indoor":"0",
    "outdoor":"0",
    "person":162,
    "full_address":"臺北市文山區臺北市文山區木柵路一段177號3樓之1"
    }
  },
  {
    "type": "Feature",
    "geometry": {
       "type": "Point",
       "coordinates":  [ 121.5629895,24.9843288 ]
    },
    "properties": {
    "id":383,
    "name":"忠順區民活動中心",
    "city":"臺北市",
    "district":"文山區",
    "village":"順興里",
    "address":"臺北市文山區忠順街2段22號2樓",
    "type":"活動中心",
    "suit_for_flood":"0",
    "suit_for_mudflow":"0",
    "suit_for_earthquake":"1",
    "suit_for_tsunami":"1",
    "indoor":"0",
    "outdoor":"0",
    "person":62,
    "full_address":"臺北市文山區臺北市文山區忠順街2段22號2樓"
    }
  },
  {
    "type": "Feature",
    "geometry": {
       "type": "Point",
       "coordinates":  [ 121.5407676,24.9921264 ]
    },
    "properties": {
    "id":384,
    "name":"景行區民活動中心",
    "city":"臺北市",
    "district":"文山區",
    "village":"景行里",
    "address":"臺北市文山區羅斯福路六段393號6~9樓",
    "type":"活動中心",
    "suit_for_flood":"1",
    "suit_for_mudflow":"0",
    "suit_for_earthquake":"1",
    "suit_for_tsunami":"1",
    "indoor":"1",
    "outdoor":"0",
    "person":123,
    "full_address":"臺北市文山區臺北市文山區羅斯福路六段393號6~9樓"
    }
  },
  {
    "type": "Feature",
    "geometry": {
       "type": "Point",
       "coordinates":  [ 121.5684884,25.0021799 ]
    },
    "properties": {
    "id":385,
    "name":"萬芳區民活動中心",
    "city":"臺北市",
    "district":"文山區",
    "village":"萬芳里",
    "address":"臺北市文山區萬美街一段51號3樓",
    "type":"活動中心",
    "suit_for_flood":"0",
    "suit_for_mudflow":"0",
    "suit_for_earthquake":"1",
    "suit_for_tsunami":"1",
    "indoor":"1",
    "outdoor":"0",
    "person":166,
    "full_address":"臺北市文山區臺北市文山區萬美街一段51號3樓"
    }
  },
  {
    "type": "Feature",
    "geometry": {
       "type": "Point",
       "coordinates":  [ 121.5366644,25.0005651 ]
    },
    "properties": {
    "id":386,
    "name":"萬福區民活動中心",
    "city":"臺北市",
    "district":"文山區",
    "village":"萬和里",
    "address":"臺北市文山區萬隆街47之12號房屋地下層",
    "type":"活動中心",
    "suit_for_flood":"1",
    "suit_for_mudflow":"0",
    "suit_for_earthquake":"1",
    "suit_for_tsunami":"1",
    "indoor":"1",
    "outdoor":"0",
    "person":99,
    "full_address":"臺北市文山區臺北市文山區萬隆街47之12號房屋地下層"
    }
  },
  {
    "type": "Feature",
    "geometry": {
       "type": "Point",
       "coordinates":  [ 121.5768008,24.9887153 ]
    },
    "properties": {
    "id":387,
    "name":"萬興區民活動中心",
    "city":"臺北市",
    "district":"文山區",
    "village":"萬興里",
    "address":"臺北市文山區萬壽路27號7樓",
    "type":"活動中心",
    "suit_for_flood":"1",
    "suit_for_mudflow":"0",
    "suit_for_earthquake":"1",
    "suit_for_tsunami":"1",
    "indoor":"1",
    "outdoor":"0",
    "person":206,
    "full_address":"臺北市文山區臺北市文山區萬壽路27號7樓"
    }
  },
  {
    "type": "Feature",
    "geometry": {
       "type": "Point",
       "coordinates":  [ 121.5564657,24.9796917 ]
    },
    "properties": {
    "id":388,
    "name":"樟新區民活動中心",
    "city":"臺北市",
    "district":"文山區",
    "village":"樟新里",
    "address":"臺北市文山區一壽街22號9~10樓",
    "type":"活動中心",
    "suit_for_flood":"0",
    "suit_for_mudflow":"0",
    "suit_for_earthquake":"1",
    "suit_for_tsunami":"1",
    "indoor":"1",
    "outdoor":"0",
    "person":279,
    "full_address":"臺北市文山區臺北市文山區一壽街22號9~10樓"
    }
  },
  {
    "type": "Feature",
    "geometry": {
       "type": "Point",
       "coordinates":  [ 121.5673037,24.9824335 ]
    },
    "properties": {
    "id":389,
    "name":"樟腳區民活動中心",
    "city":"臺北市",
    "district":"文山區",
    "village":"樟腳里",
    "address":"臺北市文山區恆光街45號7F~8F",
    "type":"活動中心",
    "suit_for_flood":"0",
    "suit_for_mudflow":"0",
    "suit_for_earthquake":"1",
    "suit_for_tsunami":"1",
    "indoor":"1",
    "outdoor":"0",
    "person":97,
    "full_address":"臺北市文山區臺北市文山區恆光街45號7F~8F"
    }
  },
  {
    "type": "Feature",
    "geometry": {
       "type": "Point",
       "coordinates":  [ 121.5472412,24.9999438 ]
    },
    "properties": {
    "id":390,
    "name":"興隆區民活動中心",
    "city":"臺北市",
    "district":"文山區",
    "village":"興福里",
    "address":"臺北市文山區興隆路二段97號4樓",
    "type":"活動中心",
    "suit_for_flood":"0",
    "suit_for_mudflow":"0",
    "suit_for_earthquake":"1",
    "suit_for_tsunami":"1",
    "indoor":"1",
    "outdoor":"0",
    "person":165,
    "full_address":"臺北市文山區臺北市文山區興隆路二段97號4樓"
    }
  },
  {
    "type": "Feature",
    "geometry": {
       "type": "Point",
       "coordinates":  [ 121.5765676,24.9887161 ]
    },
    "properties": {
    "id":391,
    "name":"博客停車場-政大場",
    "city":"臺北市",
    "district":"文山區",
    "village":"萬興里",
    "address":"臺北市文山區萬壽路27號地下一至二樓",
    "type":"市場/停車場",
    "suit_for_flood":"0",
    "suit_for_mudflow":"0",
    "suit_for_earthquake":"0",
    "suit_for_tsunami":"0",
    "indoor":"1",
    "outdoor":"0",
    "person":1029,
    "full_address":"臺北市文山區臺北市文山區萬壽路27號地下一至二樓"
    }
  },
  {
    "type": "Feature",
    "geometry": {
       "type": "Point",
       "coordinates":  [ 121.537049,25.000704 ]
    },
    "properties": {
    "id":392,
    "name":"臺北市市場處萬和超市地下停車場",
    "city":"臺北市",
    "district":"文山區",
    "village":"萬和里",
    "address":"臺北市文山區萬隆街47之12號地下1層",
    "type":"市場/停車場",
    "suit_for_flood":"1",
    "suit_for_mudflow":"0",
    "suit_for_earthquake":"0",
    "suit_for_tsunami":"0",
    "indoor":"1",
    "outdoor":"0",
    "person":338,
    "full_address":"臺北市文山區臺北市文山區萬隆街47之12號地下1層"
    }
  },
  {
    "type": "Feature",
    "geometry": {
       "type": "Point",
       "coordinates":  [ 121.5564657,24.9796917 ]
    },
    "properties": {
    "id":393,
    "name":"臺北市立圖書館力行分館",
    "city":"臺北市",
    "district":"文山區",
    "village":"樟新里",
    "address":"臺北市文山區一壽街22號5-8樓",
    "type":"圖書館",
    "suit_for_flood":"0",
    "suit_for_mudflow":"0",
    "suit_for_earthquake":"0",
    "suit_for_tsunami":"0",
    "indoor":"1",
    "outdoor":"0",
    "person":197,
    "full_address":"臺北市文山區臺北市文山區一壽街22號5-8樓"
    }
  },
  {
    "type": "Feature",
    "geometry": {
       "type": "Point",
       "coordinates":  [ 121.551421,25.0015623 ]
    },
    "properties": {
    "id":394,
    "name":"臺北市立圖書館文山分館",
    "city":"臺北市",
    "district":"文山區",
    "village":"興業里",
    "address":"臺北市文山區興隆路二段160號7-9樓",
    "type":"圖書館",
    "suit_for_flood":"1",
    "suit_for_mudflow":"0",
    "suit_for_earthquake":"0",
    "suit_for_tsunami":"0",
    "indoor":"1",
    "outdoor":"0",
    "person":184,
    "full_address":"臺北市文山區臺北市文山區興隆路二段160號7-9樓"
    }
  },
  {
    "type": "Feature",
    "geometry": {
       "type": "Point",
       "coordinates":  [ 121.5691856,24.988514 ]
    },
    "properties": {
    "id":395,
    "name":"臺北市立圖書館木柵分館",
    "city":"臺北市",
    "district":"文山區",
    "village":"木新里",
    "address":"臺北市文山區保儀路13巷3號3、4樓",
    "type":"圖書館",
    "suit_for_flood":"1",
    "suit_for_mudflow":"0",
    "suit_for_earthquake":"0",
    "suit_for_tsunami":"0",
    "indoor":"1",
    "outdoor":"0",
    "person":119,
    "full_address":"臺北市文山區臺北市文山區保儀路13巷3號3、4樓"
    }
  },
  {
    "type": "Feature",
    "geometry": {
       "type": "Point",
       "coordinates":  [ 121.5363155,25.003677 ]
    },
    "properties": {
    "id":396,
    "name":"臺北市立圖書館景美分館",
    "city":"臺北市",
    "district":"文山區",
    "village":"萬年里",
    "address":"臺北市文山區羅斯福路五段176巷50號2-4樓",
    "type":"圖書館",
    "suit_for_flood":"0",
    "suit_for_mudflow":"0",
    "suit_for_earthquake":"0",
    "suit_for_tsunami":"0",
    "indoor":"1",
    "outdoor":"0",
    "person":183,
    "full_address":"臺北市文山區臺北市文山區羅斯福路五段176巷50號2-4樓"
    }
  },
  {
    "type": "Feature",
    "geometry": {
       "type": "Point",
       "coordinates":  [ 121.5420504,24.9899534 ]
    },
    "properties": {
    "id":397,
    "name":"臺北市立圖書館景新分館",
    "city":"臺北市",
    "district":"文山區",
    "village":"景行里",
    "address":"臺北市文山區景後街151號5-10樓",
    "type":"圖書館",
    "suit_for_flood":"0",
    "suit_for_mudflow":"0",
    "suit_for_earthquake":"0",
    "suit_for_tsunami":"0",
    "indoor":"1",
    "outdoor":"0",
    "person":264,
    "full_address":"臺北市文山區臺北市文山區景後街151號5-10樓"
    }
  },
  {
    "type": "Feature",
    "geometry": {
       "type": "Point",
       "coordinates":  [ 121.576501,24.988685 ]
    },
    "properties": {
    "id":398,
    "name":"臺北市立圖書館萬興分館",
    "city":"臺北市",
    "district":"文山區",
    "village":"萬興里",
    "address":"臺北市文山區萬壽路27號4-5樓",
    "type":"圖書館",
    "suit_for_flood":"0",
    "suit_for_mudflow":"0",
    "suit_for_earthquake":"0",
    "suit_for_tsunami":"0",
    "indoor":"1",
    "outdoor":"0",
    "person":166,
    "full_address":"臺北市文山區臺北市文山區萬壽路27號4-5樓"
    }
  },
  {
    "type": "Feature",
    "geometry": {
       "type": "Point",
       "coordinates":  [ 121.5472412,24.9999438 ]
    },
    "properties": {
    "id":399,
    "name":"臺北市市場處興隆市場地下停車場",
    "city":"臺北市",
    "district":"文山區",
    "village":"興豐里",
    "address":"臺北市文山區興隆路二段97號",
    "type":"市場/停車場",
    "suit_for_flood":"0",
    "suit_for_mudflow":"0",
    "suit_for_earthquake":"0",
    "suit_for_tsunami":"0",
    "indoor":"1",
    "outdoor":"0",
    "person":439,
    "full_address":"臺北市文山區臺北市文山區興隆路二段97號"
    }
  },
  {
    "type": "Feature",
    "geometry": {
       "type": "Point",
       "coordinates":  [ 121.5514273,25.0015727 ]
    },
    "properties": {
    "id":400,
    "name":"興業區民活動中心",
    "city":"臺北市",
    "district":"文山區",
    "village":"興業里",
    "address":"臺北市文山區興隆路二段160號10樓",
    "type":"活動中心",
    "suit_for_flood":"1",
    "suit_for_mudflow":"0",
    "suit_for_earthquake":"1",
    "suit_for_tsunami":"1",
    "indoor":"1",
    "outdoor":"0",
    "person":238,
    "full_address":"臺北市文山區臺北市文山區興隆路二段160號10樓"
    }
  },
  {
    "type": "Feature",
    "geometry": {
       "type": "Point",
       "coordinates":  [ 121.5468931,25.0000581 ]
    },
    "properties": {
    "id":401,
    "name":"興豐區民活動中心",
    "city":"臺北市",
    "district":"文山區",
    "village":"興豐里",
    "address":"臺北市文山區興隆路二段95巷8號7~9樓",
    "type":"活動中心",
    "suit_for_flood":"0",
    "suit_for_mudflow":"0",
    "suit_for_earthquake":"1",
    "suit_for_tsunami":"1",
    "indoor":"1",
    "outdoor":"0",
    "person":103,
    "full_address":"臺北市文山區臺北市文山區興隆路二段95巷8號7~9樓"
    }
  }
]
}